{
    "Welcome": {
        "Default": [
            "Welcome to the Echosistant Evolution Skill.  Please give me a command.",
            "Welcome to EchoSistant, What can i help you with today.",
            "Hello, what can echosistan help you with today.",
            "Hi, What can i do to make your life easier"
        ],
        "Default_Attitude": [

        ],
        "Reprompts": [
            "I need a command before i can be of any help. What can i help you with",
            "All i need is a command to proceed?",
            "you can say help to hear a list of options available"
        ],
        "Reprompts_Attitude": [
            "give me something to do because i'm getting impatient!",
            "please don't waste my time, I need a command!"
        ]
    },
    "Help": {
        "Default": [
            "you can say things like turn off the lights in the basement, or set the mode to evening, or run good night",
            "you can configure a specific device for a room, start by saying 'turn off the a device in here', you will be asked set a room.  Once a room is set just use 'in here' to control devices in that room only."
        ],
        "Default_Attitude": [

        ],
        "Reprompts": [
            "Need more Help?",
            "What were you looking to do?",
            "how can i help you?"
        ],
        "Reprompts_Attitude": [
            "What else can you bother me with?",
            "What were you looking to do?",
            "how can i help you?"
        ]
    },
    "Stop": {
        "Default": [
            "I am here if you need me",
            "hopefully i will talk to you soon",
            "oh well, maybe we will have better luck next time"
        ],
        "Default_Attitude": [
            "fine i will leave you alone",
            "suit yourself",
            "<say-as interpret-as='interjection'>Darn</say-as> now i feel sad",
            "alright, <say-as interpret-as='interjection'>good luck</say-as> i guess",
            "<say-as interpret-as='interjection'>ouch</say-as> that hurts"
        ]
    },
    "Followup": {
        "Default": [
            "would you like to do something else?",
            "is there something else I can do for you?",
            "need anything else?",
            "what else would you like to do?"
        ],
        "Default_Attitude": [
            "What else can i help you waste my time on?",
            "what else do you need? I can't wait around all day!"
        ]
    },
    "Settings": {
        "Default": [
            "Which setting are we modifying? To list the available options, say list.",
            "Give me a Setting name to modify. To list the available options, say list."
        ],
        "Reprompts": [
            "Which setting will we be modifying?",
            "To list the available options, say list."
        ],
        "Problem": [
            "There was an issue updating the settings database.  Please try your request again later",
            "Something went wrong while updating the settings database.  Please check the logs. "
        ],
        "Values": [
            "The accepted values are ",
            "the available choices are "
        ]
    },
    "Here": {
        "Default": [
            "In what room is this device located? If you'd like me to list the available rooms, say list rooms.",
            "This Echo device has not been assigned to a room, Which room is this? To list the available rooms, say list rooms."
        ],
        "PreList": [
            "Available Rooms are ",
            "Rooms Available are ",
            "Room Options are"
        ],
        "Problem": [
            "I wasn't able to find that room. Available rooms are ",
            "No room has been set for this Echo. The Available rooms are "
        ],
        "Success": [
            "You've successfully set the default room for this echo device to ",
            ""
        ],
        "ResumePrevCmd": [
            "Would you like to ",
            "Do you still want to ",
            "Should I still "
        ],
        "NotFound": [
            "Please use Here command from a physical echo device. ",
            "Please try again using a real echo device. "
        ]
    }
}