{
    "main_index": {
        "Welcome_Message": [
            "Welcome to the Echosistant Evolution Skill.  Please give me a command.",
            "Welcome to EchoSistant, What can i help you with today.",
            "Hello, what can echosistan help you with today.",
            "Hi, What can i do to make your life easier"
        ],

        "Welcome_Repromt": [
            "I need a command before i can be of any help. What can i help you with",
            "All i need is a command to proceed?",
            "you can say help to hear a list of options available"
        ],

        "Help_Message": [
            "you can say things like turn off the lights in the basement, or set the mode to evening, or run good night",
            "you can configure a specific device for a room, start by saying 'turn off the a device in here', you will be asked set a room.  Once a room is set just use 'in here' to control devices in that room only."
        ],

        "Help_Repromt": [
            "Need more Help?",
            "What were you looking to do?",
            "how can i help you?"
        ],
        "Stop_Message": [
            "I am here if you need me",
            "hopefully i will talk to you soon",
            "fine i will leave you alone",
            "suit yourself",
            "<say-as interpret-as='interjection'>Darn</say-as>",
            "ok <say-as interpret-as='interjection'>good luck</say-as> i guess",
            "<say-as interpret-as='interjection'>ouch</say-as>",
            "<say-as interpret-as='interjection'>ruh roh</say-as>"
        ],
        "Follow_Up_Message": [
            "would you like to do something else?",
            "is there something else I can do for you?",
            "need anything else?",
            "what else would you like to do?"
        ]
    }
}