[{
        "rooms": [
            "Garage"
        ],
        "capabilities": [
            "Battery",
            "Contact Sensor",
            "Sensor",
            "Temperature Measurement"
        ],
        "label": "Garage Door",
        "type": "Garage Door Sensor",
        "deviceId": "572f8b02-3ee7-4219-9b61-9220c99f828c",
        "commands": [
            "refresh",
            "enrollResponse",
            "ping",
            "configure"
        ],
        "states": {
            "battery": 67,
            "temperature": 69,
            "contact": "closed"
        }
    },
    {
        "rooms": [
            "Garage"
        ],
        "capabilities": [
            "Actuator",
            "Contact Sensor",
            "Door Control",
            "Garage Door Control",
            "Momentary",
            "Sensor",
            "Switch"
        ],
        "label": "Garage Door Opener",
        "type": "MyQLite: Garage Door",
        "deviceId": "674807f8-4360-4d03-a04b-53ad99155723",
        "commands": [
            "updateDeviceStatus:string",
            "close",
            "updateDeviceLastActivity:number",
            "open",
            "refresh",
            "on",
            "updateDeviceMoving:string",
            "push",
            "poll",
            "off"
        ],
        "states": {
            "door": "closed",
            "switch": "off",
            "contact": "closed"
        }
    },
    {
        "rooms": [
            "Garage"
        ],
        "capabilities": [
            "Actuator",
            "Light",
            "Sensor",
            "Switch"
        ],
        "label": "Garage Light",
        "type": "Z-Wave Switch",
        "deviceId": "19838fc8-09f8-4a26-93a7-512858d69f5c",
        "commands": [
            "ping",
            "refresh",
            "on",
            "indicatorWhenOn",
            "indicatorNever",
            "poll",
            "off",
            "indicatorWhenOff"
        ],
        "states": {
            "switch": "off"
        }
    },
    {
        "rooms": [
            "Garage"
        ],
        "capabilities": [
            "Battery",
            "Illuminance Measurement",
            "Motion Sensor",
            "Relative Humidity Measurement",
            "Sensor",
            "Temperature Measurement"
        ],
        "label": "Multisensor - Garage",
        "type": "Aeon Multisensor Gen5",
        "deviceId": "f86d0514-6673-4b5e-857c-81fdf6f892d9",
        "commands": [
            "ping",
            "configure"
        ],
        "states": {
            "temperature": 69.4,
            "humidity": 48,
            "illuminance": 114,
            "battery": 1,
            "motion": "inactive"
        }
    },
    {
        "rooms": [
            "Master Bedroom"
        ],
        "capabilities": [
            "Battery",
            "Contact Sensor",
            "Sensor",
            "Temperature Measurement"
        ],
        "label": "Master Bedroom Door",
        "type": "Thing",
        "deviceId": "f5e49fc2-1bbf-4539-b436-d47d81ad9b2f",
        "commands": [
            "refresh",
            "enrollResponse",
            "ping",
            "configure"
        ],
        "states": {
            "battery": 67,
            "temperature": 72,
            "contact": "open"
        }
    },
    {
        "rooms": [
            "Master Bedroom"
        ],
        "capabilities": [
            "Actuator",
            "Light",
            "Sensor",
            "Switch"
        ],
        "label": "Master Bedroom Light",
        "type": "Z-Wave Switch",
        "deviceId": "0e5adbd6-ffa4-4f6d-8257-341232640435",
        "commands": [
            "ping",
            "refresh",
            "on",
            "indicatorWhenOn",
            "indicatorNever",
            "poll",
            "off",
            "indicatorWhenOff"
        ],
        "states": {
            "switch": "off"
        }
    },
    {
        "rooms": [
            "Master Bedroom"
        ],
        "capabilities": [
            "Battery",
            "Illuminance Measurement",
            "Motion Sensor",
            "Relative Humidity Measurement",
            "Sensor",
            "Temperature Measurement"
        ],
        "label": "Multisensor - Master Bedroom",
        "type": "Aeon Multisensor Gen5",
        "deviceId": "1134c2af-fa1c-4f2a-954d-79645fcc747e",
        "commands": [
            "ping",
            "configure"
        ],
        "states": {
            "temperature": 76.1,
            "humidity": 46,
            "illuminance": 9,
            "battery": 100,
            "motion": "inactive"
        }
    },
    {
        "rooms": [
            "Master Bedroom"
        ],
        "capabilities": [
            "Actuator",
            "Battery",
            "Carbon Monoxide Detector",
            "Power Source",
            "Sensor",
            "Smoke Detector"
        ],
        "label": "Nest Protect - Master Bedroom",
        "type": "Nest Protect",
        "deviceId": "a7b29e0f-6fdb-47f5-93c7-7a4c7c8d92ba",
        "commands": [
            "runBatteryTest",
            "ping",
            "refresh",
            "runCoTest",
            "log:string, string",
            "runSmokeTest",
            "poll"
        ],
        "states": {
            "powerSource": "mains",
            "smoke": "clear",
            "carbonMonoxide": "clear",
            "battery": 100
        }
    },
    {
        "rooms": [
            "Master Bedroom"
        ],
        "capabilities": [
            "Actuator",
            "Button",
            "Holdable Button",
            "Sensor"
        ],
        "label": "Remote - Master Bedroom MiniMote",
        "type": "Aeon Minimote",
        "deviceId": "b4f4eb3b-70d6-4fc3-84ba-0116d548d1a0",
        "commands": [
            "ping",
            "configure"
        ],
        "states": {
            "button": "pushed"
        }
    },
    {
        "rooms": [
            "Kids Bathroom"
        ],
        "capabilities": [
            "Battery",
            "Contact Sensor",
            "Sensor",
            "Temperature Measurement"
        ],
        "label": "Kids Bathroom Door",
        "type": "Thing",
        "deviceId": "159cc3fb-accf-4b93-8bf8-52a12c2ca33d",
        "commands": [
            "refresh",
            "enrollResponse",
            "ping",
            "configure"
        ],
        "states": {
            "battery": 67,
            "temperature": 73,
            "contact": "open"
        }
    },
    {
        "rooms": [
            "Kids Bathroom"
        ],
        "capabilities": [
            "Actuator",
            "Fan",
            "Light",
            "Sensor",
            "Switch"
        ],
        "label": "Kids Bathroom Fan",
        "type": "Z-Wave Switch",
        "deviceId": "35048267-d57b-4837-869b-980f6a777f08",
        "commands": [
            "ping",
            "refresh",
            "on",
            "indicatorWhenOn",
            "indicatorNever",
            "poll",
            "off",
            "indicatorWhenOff"
        ],
        "states": {
            "switch": "off"
        }
    },
    {
        "rooms": [
            "Kids Bathroom"
        ],
        "capabilities": [
            "Actuator",
            "Light",
            "Sensor",
            "Switch"
        ],
        "label": "Kids Bathroom Light",
        "type": "Z-Wave Switch",
        "deviceId": "16883ab0-3b1e-4861-b55b-9c578f725f3a",
        "commands": [
            "ping",
            "refresh",
            "on",
            "indicatorWhenOn",
            "indicatorNever",
            "poll",
            "off",
            "indicatorWhenOff"
        ],
        "states": {
            "switch": "off"
        }
    },
    {
        "rooms": [
            "Kids Bathroom"
        ],
        "capabilities": [
            "Battery",
            "Illuminance Measurement",
            "Motion Sensor",
            "Relative Humidity Measurement",
            "Sensor",
            "Temperature Measurement"
        ],
        "label": "Multisensor - Kids Bathroom",
        "type": "Aeon Multisensor Gen5",
        "deviceId": "69256557-c2ff-4f24-9844-ad2efe3c1d2e",
        "commands": [
            "ping",
            "configure"
        ],
        "states": {
            "temperature": 73.7,
            "humidity": 43,
            "illuminance": 491,
            "battery": 70,
            "motion": "inactive"
        }
    },
    {
        "rooms": [
            "Basement"
        ],
        "capabilities": [
            "Actuator",
            "Light",
            "Sensor",
            "Switch"
        ],
        "label": "Basement Ceiling Light",
        "type": "Z-Wave Switch",
        "deviceId": "88f7e353-ede1-4331-87a9-cae166cb5473",
        "commands": [
            "ping",
            "refresh",
            "on",
            "indicatorWhenOn",
            "indicatorNever",
            "poll",
            "off",
            "indicatorWhenOff"
        ],
        "states": {
            "switch": "off"
        }
    },
    {
        "rooms": [
            "Basement"
        ],
        "capabilities": [
            "Battery",
            "Contact Sensor",
            "Sensor",
            "Temperature Measurement"
        ],
        "label": "Basement Door",
        "type": "SmartSense Open/Closed Sensor",
        "deviceId": "052267ec-c073-419b-92c2-1692f28b2225",
        "commands": [
            "refresh",
            "enrollResponse",
            "ping",
            "configure"
        ],
        "states": {
            "battery": 78,
            "temperature": 73,
            "contact": "closed"
        }
    },
    {
        "rooms": [
            "Basement"
        ],
        "capabilities": [
            "Actuator",
            "Light",
            "Sensor",
            "Switch"
        ],
        "label": "Basement Stairs",
        "type": "Z-Wave Switch",
        "deviceId": "65c06435-b149-4900-9256-07cb06594fdb",
        "commands": [
            "ping",
            "refresh",
            "on",
            "indicatorWhenOn",
            "indicatorNever",
            "poll",
            "off",
            "indicatorWhenOff"
        ],
        "states": {
            "switch": "off"
        }
    },
    {
        "rooms": [
            "Basement"
        ],
        "capabilities": [
            "Actuator",
            "Light",
            "Sensor",
            "Switch"
        ],
        "label": "Basement Wall Outlet",
        "type": "Z-Wave Switch",
        "deviceId": "8bfe8829-6880-4539-83bc-9a87a10cd614",
        "commands": [
            "ping",
            "refresh",
            "on",
            "indicatorWhenOn",
            "indicatorNever",
            "poll",
            "off",
            "indicatorWhenOff"
        ],
        "states": {
            "switch": "off"
        }
    },
    {
        "rooms": [
            "Basement"
        ],
        "capabilities": [
            "Battery",
            "Illuminance Measurement",
            "Motion Sensor",
            "Relative Humidity Measurement",
            "Sensor",
            "Temperature Measurement"
        ],
        "label": "Multisensor - Main Basement",
        "type": "Aeon Multisensor Gen5",
        "deviceId": "8f6cfc87-a646-4dc6-9f86-6a54272172aa",
        "commands": [
            "ping",
            "configure"
        ],
        "states": {
            "temperature": 74.1,
            "humidity": 45,
            "illuminance": 0,
            "battery": 100,
            "motion": "inactive"
        }
    },
    {
        "rooms": [
            "Basement"
        ],
        "capabilities": [
            "Battery",
            "Motion Sensor",
            "Sensor",
            "Temperature Measurement"
        ],
        "label": "Multisensor - Main Basement 2",
        "type": "Iris Motion Sensor",
        "deviceId": "80d43b9f-fbf1-42f2-a4b8-36b225015478",
        "commands": [
            "refresh",
            "enrollResponse",
            "ping",
            "configure"
        ],
        "states": {
            "battery": 100,
            "motion": "inactive",
            "temperature": 67
        }
    },
    {
        "rooms": [
            "Basement"
        ],
        "capabilities": [
            "Actuator",
            "Battery",
            "Carbon Monoxide Detector",
            "Power Source",
            "Sensor",
            "Smoke Detector"
        ],
        "label": "Nest Protect - Basement",
        "type": "Nest Protect",
        "deviceId": "80126cd7-e309-4e6c-b743-e118bced14fb",
        "commands": [
            "runBatteryTest",
            "ping",
            "refresh",
            "runCoTest",
            "log:string, string",
            "runSmokeTest",
            "poll"
        ],
        "states": {
            "powerSource": "mains",
            "smoke": "clear",
            "carbonMonoxide": "clear",
            "battery": 100
        }
    },
    {
        "rooms": [
            "Basement"
        ],
        "capabilities": [
            "Battery",
            "Contact Sensor",
            "Sensor",
            "Temperature Measurement"
        ],
        "label": "Network Closet Door",
        "type": "Network Closet Door",
        "deviceId": "b55729bc-63f3-4d65-8be8-4335b5ee52d7",
        "commands": [
            "refresh",
            "enrollResponse",
            "ping",
            "configure"
        ],
        "states": {
            "battery": 67,
            "temperature": 79,
            "contact": "open"
        }
    },
    {
        "rooms": [
            "Basement"
        ],
        "capabilities": [
            "Battery",
            "Sensor",
            "Water Sensor"
        ],
        "label": "Water - Shut-off Box",
        "type": "Utilitech Water Sensor (MT)",
        "deviceId": "2326e0dc-eea9-4978-8bd5-5d2ed301a1ad",
        "commands": [],
        "states": {
            "battery": 90,
            "water": "wet"
        }
    },
    {
        "rooms": [
            "Boys Bedroom"
        ],
        "capabilities": [
            "Battery",
            "Contact Sensor",
            "Sensor",
            "Temperature Measurement"
        ],
        "label": "Boys Bedroom Door",
        "type": "Iris Contact Sensor",
        "deviceId": "772a7e11-9723-45fc-b641-e7812ad78561",
        "commands": [
            "refresh",
            "enrollResponse",
            "ping",
            "configure"
        ],
        "states": {
            "battery": 78,
            "temperature": 73,
            "contact": "closed"
        }
    },
    {
        "rooms": [
            "Boys Bedroom"
        ],
        "capabilities": [
            "Actuator",
            "Light",
            "Sensor",
            "Switch",
            "Switch Level"
        ],
        "label": "Boys Room Light",
        "type": "Cree Bulb",
        "deviceId": "b47e7bd0-abd7-4bad-af98-7401a7d353c3",
        "commands": [
            "refresh",
            "on",
            "setLevel:number, number",
            "poll",
            "off",
            "configure"
        ],
        "states": {
            "level": 70,
            "switch": "off"
        }
    },
    {
        "rooms": [
            "Boys Bedroom"
        ],
        "capabilities": [
            "Actuator",
            "Light",
            "Sensor",
            "Switch"
        ],
        "label": "Boys Room Nightlight",
        "type": "Z-Wave Switch",
        "deviceId": "1165ec72-b3fb-4703-9f2f-f96d9469f894",
        "commands": [
            "ping",
            "refresh",
            "on",
            "indicatorWhenOn",
            "indicatorNever",
            "poll",
            "off",
            "indicatorWhenOff"
        ],
        "states": {
            "switch": "off"
        }
    },
    {
        "rooms": [
            "Boys Bedroom"
        ],
        "capabilities": [
            "Battery",
            "Illuminance Measurement",
            "Motion Sensor",
            "Relative Humidity Measurement",
            "Sensor",
            "Temperature Measurement"
        ],
        "label": "Multisensor - Boys Bedroom",
        "type": "Aeon Multisensor Gen5",
        "deviceId": "780a865b-fb4b-4193-962d-e8cfd28933bd",
        "commands": [
            "ping",
            "configure"
        ],
        "states": {
            "temperature": 72.8,
            "humidity": 45,
            "illuminance": 0,
            "battery": 39,
            "motion": "inactive"
        }
    },
    {
        "rooms": [
            "Living Room"
        ],
        "capabilities": [
            "Actuator",
            "Color Control",
            "Color Temperature",
            "Light",
            "Sensor",
            "Switch",
            "Switch Level"
        ],
        "label": "Living Room Corner Light",
        "type": "LIFX Color Bulb",
        "deviceId": "aca8b0c6-922d-4fdb-a0b1-09facdcdb85d",
        "commands": [
            "setColorTemperature:number",
            "setColor:color_map",
            "ping",
            "setLevel:number, number",
            "refresh",
            "on",
            "setSaturation:number",
            "off",
            "setHue:number"
        ],
        "states": {
            "saturation": 0,
            "hue": 0,
            "color": "#7F7F7F",
            "level": 100,
            "switch": "off",
            "colorTemperature": 3497
        }
    },
    {
        "rooms": [
            "Living Room"
        ],
        "capabilities": [
            "Actuator",
            "Fan",
            "Sensor",
            "Switch",
            "Switch Level"
        ],
        "label": "Living Room Fan",
        "type": "Dimmer Switch",
        "deviceId": "c69d1b08-75aa-4232-81e4-9832c9ea0c43",
        "commands": [
            "medSpeed",
            "setLevel:number, number",
            "refresh",
            "on",
            "highSpeed",
            "indicatorWhenOn",
            "indicatorNever",
            "poll",
            "off",
            "lowSpeed",
            "indicatorWhenOff"
        ],
        "states": {
            "level": 60,
            "switch": "on"
        }
    },
    {
        "rooms": [
            "Living Room"
        ],
        "capabilities": [
            "Actuator",
            "Color Control",
            "Color Temperature",
            "Light",
            "Sensor",
            "Switch",
            "Switch Level"
        ],
        "label": "Living Room Light",
        "type": "LIFX Color Bulb",
        "deviceId": "f8dda3bd-f799-4c6e-a93f-2d4390c06bec",
        "commands": [
            "setColorTemperature:number",
            "setColor:color_map",
            "ping",
            "setLevel:number, number",
            "refresh",
            "on",
            "setSaturation:number",
            "off",
            "setHue:number"
        ],
        "states": {
            "saturation": 0,
            "hue": 0,
            "color": "#7F7F7F",
            "level": 100,
            "switch": "off",
            "colorTemperature": 3497
        }
    },
    {
        "rooms": [
            "Living Room"
        ],
        "capabilities": [
            "Actuator",
            "Light",
            "Sensor",
            "Switch"
        ],
        "label": "Living Room Outlet",
        "type": "Z-Wave Switch",
        "deviceId": "56365704-f7d3-4661-a847-6ef1f51285e2",
        "commands": [
            "ping",
            "refresh",
            "on",
            "indicatorWhenOn",
            "indicatorNever",
            "poll",
            "off",
            "indicatorWhenOff"
        ],
        "states": {
            "switch": "off"
        }
    },
    {
        "rooms": [
            "Living Room"
        ],
        "capabilities": [
            "Actuator",
            "Color Control",
            "Color Temperature",
            "Light",
            "Sensor",
            "Switch",
            "Switch Level"
        ],
        "label": "Living Room Torch Lamp",
        "type": "LIFX Color Bulb",
        "deviceId": "6f1ff716-8274-47cc-a5dd-8d4641546530",
        "commands": [
            "setColorTemperature:number",
            "setColor:color_map",
            "ping",
            "setLevel:number, number",
            "refresh",
            "on",
            "setSaturation:number",
            "off",
            "setHue:number"
        ],
        "states": {
            "saturation": 0,
            "hue": 0,
            "color": "#7F7F7F",
            "level": 100,
            "switch": "off",
            "colorTemperature": 3497
        }
    },
    {
        "rooms": [
            "Living Room"
        ],
        "capabilities": [
            "Actuator",
            "Color Control",
            "Color Temperature",
            "Light",
            "Sensor",
            "Switch",
            "Switch Level"
        ],
        "label": "Living Room Torch Light",
        "type": "LIFX Color Bulb",
        "deviceId": "646f6955-e5d2-463f-a981-4070f260f546",
        "commands": [
            "setColorTemperature:number",
            "setColor:color_map",
            "ping",
            "setLevel:number, number",
            "refresh",
            "on",
            "setSaturation:number",
            "off",
            "setHue:number"
        ],
        "states": {
            "saturation": 0,
            "hue": 0,
            "color": "#7F7F7F",
            "level": 100,
            "switch": "off",
            "colorTemperature": 3497
        }
    },
    {
        "rooms": [
            "Living Room"
        ],
        "capabilities": [
            "Battery",
            "Illuminance Measurement",
            "Motion Sensor",
            "Relative Humidity Measurement",
            "Sensor",
            "Temperature Measurement"
        ],
        "label": "Multisensor - Living Room",
        "type": "Aeon Multisensor Gen5",
        "deviceId": "e5a71dc1-3fa4-4419-9e8e-67d11519df4c",
        "commands": [
            "ping",
            "configure"
        ],
        "states": {
            "temperature": 78.6,
            "humidity": 35,
            "illuminance": 195,
            "battery": 100,
            "motion": "inactive"
        }
    },
    {
        "rooms": [
            "Living Room"
        ],
        "capabilities": [
            "Battery",
            "Motion Sensor",
            "Sensor",
            "Temperature Measurement"
        ],
        "label": "Multisensor - Living Room 2",
        "type": "Motion Sensor",
        "deviceId": "0c2a093b-8c50-4bc2-bf6a-68d2ccd41ddc",
        "commands": [
            "refresh",
            "enrollResponse",
            "ping",
            "configure"
        ],
        "states": {
            "battery": 100,
            "motion": "inactive",
            "temperature": 77
        }
    },
    {
        "rooms": [
            "Living Room"
        ],
        "capabilities": [
            "Actuator",
            "Button",
            "Holdable Button",
            "Sensor"
        ],
        "label": "Remote - Living Room Minimote",
        "type": "Aeon Minimote",
        "deviceId": "e1d92f42-1dc1-4210-baa0-7da0ac7eb48b",
        "commands": [
            "ping",
            "configure"
        ],
        "states": {
            "button": "pushed"
        }
    },
    {
        "rooms": [
            "Living Room"
        ],
        "capabilities": [
            "Actuator",
            "Audio Notification",
            "Music Player",
            "Sensor",
            "Switch"
        ],
        "label": "Speaker - Living Room",
        "type": "LAN Sonos Player",
        "deviceId": "e54f0463-b47d-4854-91ac-d1c6ee1ae3a9",
        "commands": [
            "getCurrentMedia",
            "resumeTrack:string",
            "playTrackAndRestore:number, string",
            "playTextAndRestore:number, string",
            "play",
            "playTrack:string, number",
            "pause",
            "seek",
            "getVolume",
            "playTrackAndResume:number, string, number",
            "off",
            "setTrack:string",
            "playTrackAtVolume:number, string",
            "unmute",
            "getCurrentStatus",
            "playTrackAndRestore:number, number, string",
            "restoreTrack:string",
            "unsubscribe",
            "refresh",
            "nextTrack",
            "playTextAndResume:string, number",
            "tileSetLevel:number",
            "playText:number, string",
            "playTextAndResume:number, string",
            "stop",
            "setLevel:number",
            "playSoundAndTrack:json_object, number, string, number",
            "setLocalLevel:number",
            "subscribe",
            "previousTrack",
            "playTrack:string",
            "ping",
            "on",
            "mute",
            "playTrackAndResume:number, string"
        ],
        "states": {
            "mute": "unmuted",
            "level": 47,
            "status": "stopped",
            "switch": "off"
        }
    },
    {
        "rooms": [
            "Living Room"
        ],
        "capabilities": [
            "Actuator",
            "Color Control",
            "Color Temperature",
            "Light",
            "Sensor",
            "Switch",
            "Switch Level"
        ],
        "label": "TV Backlight",
        "type": "LIFX Color Bulb",
        "deviceId": "e720bbb8-2f64-4aa2-bbe9-2a48ece6de9b",
        "commands": [
            "setColorTemperature:number",
            "setColor:color_map",
            "ping",
            "setLevel:number, number",
            "refresh",
            "on",
            "setSaturation:number",
            "off",
            "setHue:number"
        ],
        "states": {
            "saturation": 0,
            "hue": 0,
            "color": "#7F7F7F",
            "level": 80,
            "switch": "off",
            "colorTemperature": 6494
        }
    },
    {
        "rooms": [
            "Presence Sensor"
        ],
        "capabilities": [
            "Actuator",
            "Presence Sensor",
            "Sensor"
        ],
        "label": "Nest Presence Device",
        "type": "Nest Presence",
        "deviceId": "805f2f0a-cc2e-4f48-a6be-6ab6d0ee6cc2",
        "commands": [
            "refresh",
            "setPresence",
            "log",
            "setHome",
            "ping",
            "setAway"
        ],
        "states": {
            "presence": "present"
        }
    },
    {
        "rooms": [
            "Presence Sensor"
        ],
        "capabilities": [
            "Actuator",
            "Battery",
            "Presence Sensor",
            "Sensor",
            "Signal Strength",
            "Tone"
        ],
        "label": "Presence - Aiden's Sensor",
        "type": "Arrival Sensor",
        "deviceId": "055f143d-1667-47b1-a9cd-8d2c146c248d",
        "commands": [
            "ping",
            "beep"
        ],
        "states": {
            "presence": "present",
            "battery": 63
        }
    },
    {
        "rooms": [
            "Presence Sensor"
        ],
        "capabilities": [
            "Presence Sensor",
            "Sensor"
        ],
        "label": "Presence - Anthony (Life360)",
        "type": "Anthony",
        "deviceId": "fb4dffa3-a3dd-491f-a2f3-34182fe9f891",
        "commands": [],
        "states": {
            "presence": "not present"
        }
    },
    {
        "rooms": [
            "Presence Sensor"
        ],
        "capabilities": [
            "Presence Sensor",
            "Sensor"
        ],
        "label": "Presence - Anthony's iPhone",
        "type": "Mobile Presence",
        "deviceId": "d01c5de2-e915-4357-beaf-a65498b84be9",
        "commands": [],
        "states": {
            "presence": "not present"
        }
    },
    {
        "rooms": [
            "Presence Sensor"
        ],
        "capabilities": [
            "Presence Sensor",
            "Sensor"
        ],
        "label": "Presence - Grace (Life360)",
        "type": "Grace",
        "deviceId": "ec6dad00-1ff4-444c-8b69-34103acdad5e",
        "commands": [],
        "states": {
            "presence": "not present"
        }
    },
    {
        "rooms": [
            "Presence Sensor"
        ],
        "capabilities": [
            "Actuator",
            "Battery",
            "Presence Sensor",
            "Sensor",
            "Signal Strength",
            "Tone"
        ],
        "label": "Presence - Grace's Sensor",
        "type": "Arrival Sensor",
        "deviceId": "b9cc57eb-ba81-4ad2-b805-cfa4e19302fa",
        "commands": [
            "ping",
            "beep"
        ],
        "states": {
            "presence": "present",
            "battery": 25
        }
    },
    {
        "rooms": [
            "Presence Sensor"
        ],
        "capabilities": [
            "Presence Sensor",
            "Sensor"
        ],
        "label": "Presence - Kailey (Life360)",
        "type": "Kailey",
        "deviceId": "c9db7390-0d8c-4023-8f9a-e8f47863ae54",
        "commands": [],
        "states": {
            "presence": "not present"
        }
    },
    {
        "rooms": [
            "Presence Sensor"
        ],
        "capabilities": [
            "Actuator",
            "Battery",
            "Presence Sensor",
            "Sensor",
            "Signal Strength",
            "Tone"
        ],
        "label": "Presence - Mason’s Sensor",
        "type": "Arrival Sensor",
        "deviceId": "719dc82b-711a-4b50-bee6-f09e59089279",
        "commands": [
            "ping",
            "beep"
        ],
        "states": {
            "presence": "present",
            "battery": 75
        }
    },
    {
        "rooms": [
            "Presence Sensor"
        ],
        "capabilities": [
            "Presence Sensor",
            "Sensor"
        ],
        "label": "Presence - Rachel (Life360)",
        "type": "Rachel",
        "deviceId": "27704f4e-6c89-46b5-a2a2-0859fabb167c",
        "commands": [],
        "states": {
            "presence": "present"
        }
    },
    {
        "rooms": [
            "Presence Sensor"
        ],
        "capabilities": [
            "Presence Sensor",
            "Sensor"
        ],
        "label": "Presence - Rachel's iPhone",
        "type": "Mobile Presence",
        "deviceId": "4e730034-59e6-4ea8-90f4-30b8c4f9c8f3",
        "commands": [],
        "states": {
            "presence": "present"
        }
    },
    {
        "rooms": [
            "Backyard"
        ],
        "capabilities": [
            "Actuator",
            "Light",
            "Sensor",
            "Switch"
        ],
        "label": "Backyard Light",
        "type": "Z-Wave Switch",
        "deviceId": "0104122d-0215-45af-aaa5-39540ac58c93",
        "commands": [
            "ping",
            "refresh",
            "on",
            "indicatorWhenOn",
            "indicatorNever",
            "poll",
            "off",
            "indicatorWhenOff"
        ],
        "states": {
            "switch": "off"
        }
    },
    {
        "rooms": [
            "Backyard"
        ],
        "capabilities": [
            "Battery",
            "Illuminance Measurement",
            "Motion Sensor",
            "Relative Humidity Measurement",
            "Sensor",
            "Temperature Measurement"
        ],
        "label": "Multisensor - Back Yard",
        "type": "Aeon Multisensor Gen5",
        "deviceId": "4419f876-1380-45e3-8043-33dca38c300c",
        "commands": [
            "ping",
            "configure"
        ],
        "states": {
            "temperature": 65.3,
            "humidity": 43,
            "illuminance": 1000,
            "battery": 51,
            "motion": "inactive"
        }
    },
    {
        "rooms": [
            "Master Bathroom"
        ],
        "capabilities": [
            "Battery",
            "Contact Sensor",
            "Sensor",
            "Temperature Measurement"
        ],
        "label": "Master Bathroom Door",
        "type": "Iris Contact Sensor",
        "deviceId": "1faf6f47-bbd4-4514-96ae-a788e16c86a4",
        "commands": [
            "refresh",
            "enrollResponse",
            "ping",
            "configure"
        ],
        "states": {
            "battery": 78,
            "temperature": 106,
            "contact": "open"
        }
    },
    {
        "rooms": [
            "Master Bathroom"
        ],
        "capabilities": [
            "Actuator",
            "Fan",
            "Light",
            "Sensor",
            "Switch"
        ],
        "label": "Master Bathroom Fan",
        "type": "Z-Wave Switch",
        "deviceId": "4c38f183-d28c-4c2e-bc92-e17daf3bccd2",
        "commands": [
            "ping",
            "refresh",
            "on",
            "indicatorWhenOn",
            "indicatorNever",
            "poll",
            "off",
            "indicatorWhenOff"
        ],
        "states": {
            "switch": "off"
        }
    },
    {
        "rooms": [
            "Master Bathroom"
        ],
        "capabilities": [
            "Actuator",
            "Light",
            "Sensor",
            "Switch"
        ],
        "label": "Master Bathroom Light",
        "type": "Z-Wave Switch",
        "deviceId": "a77e63fa-8d21-46ec-bf38-236f3d98d98e",
        "commands": [
            "ping",
            "refresh",
            "on",
            "indicatorWhenOn",
            "indicatorNever",
            "poll",
            "off",
            "indicatorWhenOff"
        ],
        "states": {
            "switch": "off"
        }
    },
    {
        "rooms": [
            "Master Bathroom"
        ],
        "capabilities": [
            "Battery",
            "Motion Sensor",
            "Sensor",
            "Temperature Measurement"
        ],
        "label": "Multisensor - Master Bathroom",
        "type": "Iris Motion Sensor",
        "deviceId": "bd4ee3ff-7a03-433a-968e-5aa51cc7cd3e",
        "commands": [
            "refresh",
            "enrollResponse",
            "ping",
            "configure"
        ],
        "states": {
            "battery": 33,
            "motion": "inactive",
            "temperature": 73
        }
    },
    {
        "rooms": [
            "Kitchen"
        ],
        "capabilities": [
            "Battery",
            "Contact Sensor",
            "Sensor",
            "Temperature Measurement"
        ],
        "label": "Door Wall",
        "type": "Iris Contact Sensor",
        "deviceId": "044e9473-33a9-4eae-81e9-d66b06248bbf",
        "commands": [
            "refresh",
            "enrollResponse",
            "ping",
            "configure"
        ],
        "states": {
            "battery": 78,
            "temperature": 75,
            "contact": "open"
        }
    },
    {
        "rooms": [
            "Kitchen"
        ],
        "capabilities": [
            "Actuator",
            "Light",
            "Relay Switch",
            "Sensor",
            "Switch"
        ],
        "label": "Kitchen Light",
        "type": "Kitchen Light",
        "deviceId": "5c349382-0f02-4fa4-b7e0-b18dbd051114",
        "commands": [
            "on",
            "offPhysical",
            "onPhysical",
            "off"
        ],
        "states": {
            "switch": "off"
        }
    },
    {
        "rooms": [
            "Kitchen"
        ],
        "capabilities": [
            "Actuator",
            "Light",
            "Relay Switch",
            "Sensor",
            "Switch"
        ],
        "label": "Kitchen Patio Light",
        "type": "Kitchen Light",
        "deviceId": "c4f3daef-a606-4cc3-a182-72430c4562a2",
        "commands": [
            "on",
            "offPhysical",
            "onPhysical",
            "off"
        ],
        "states": {
            "switch": "off"
        }
    },
    {
        "rooms": [
            "Kitchen"
        ],
        "capabilities": [
            "Actuator",
            "Light",
            "Sensor",
            "Switch",
            "Switch Level"
        ],
        "label": "Kitchen Sink Light",
        "type": "Cree Bulb",
        "deviceId": "ec87a03f-cf09-44fe-ace9-c7ca4ed17948",
        "commands": [
            "refresh",
            "on",
            "setLevel:number, number",
            "poll",
            "off",
            "configure"
        ],
        "states": {
            "level": 100,
            "switch": "off"
        }
    },
    {
        "rooms": [
            "Kitchen"
        ],
        "capabilities": [
            "Battery",
            "Contact Sensor",
            "Sensor",
            "Temperature Measurement"
        ],
        "label": "Kitchen Window",
        "type": "Iris Contact Sensor",
        "deviceId": "3b8f9ade-8808-4778-99d5-b7b2c13b7f9b",
        "commands": [
            "refresh",
            "enrollResponse",
            "ping",
            "configure"
        ],
        "states": {
            "battery": 78,
            "temperature": 74,
            "contact": "closed"
        }
    },
    {
        "rooms": [
            "Kitchen"
        ],
        "capabilities": [
            "Battery",
            "Motion Sensor",
            "Sensor",
            "Temperature Measurement"
        ],
        "label": "Multisensor - Kitchen",
        "type": "Iris Motion Sensor",
        "deviceId": "8b313aa8-b12e-4f73-b476-f8727827e5d4",
        "commands": [
            "refresh",
            "enrollResponse",
            "ping",
            "configure"
        ],
        "states": {
            "battery": 100,
            "motion": "inactive",
            "temperature": 74
        }
    },
    {
        "rooms": [
            "Front Porch"
        ],
        "capabilities": [
            "Actuator",
            "Light",
            "Sensor",
            "Switch"
        ],
        "label": "Front Porch Light",
        "type": "Z-Wave Switch",
        "deviceId": "f1f04cbd-902c-4e56-848b-187b68d684b0",
        "commands": [
            "ping",
            "refresh",
            "on",
            "indicatorWhenOn",
            "indicatorNever",
            "poll",
            "off",
            "indicatorWhenOff"
        ],
        "states": {
            "switch": "off"
        }
    },
    {
        "rooms": [
            "Front Porch"
        ],
        "capabilities": [
            "Battery",
            "Illuminance Measurement",
            "Motion Sensor",
            "Relative Humidity Measurement",
            "Sensor",
            "Temperature Measurement"
        ],
        "label": "Multisensor - Front Porch",
        "type": "Aeon Multisensor Gen5",
        "deviceId": "aa6c80ad-f520-4b86-b044-99e42e709fd0",
        "commands": [
            "ping",
            "configure"
        ],
        "states": {
            "temperature": 63.5,
            "humidity": 50,
            "illuminance": 1000,
            "battery": 1,
            "motion": "inactive"
        }
    },
    {
        "rooms": [
            "Stairway"
        ],
        "capabilities": [
            "Battery",
            "Illuminance Measurement",
            "Motion Sensor",
            "Relative Humidity Measurement",
            "Sensor",
            "Temperature Measurement"
        ],
        "label": "Multisensor - Stairway",
        "type": "Aeon Multisensor Gen5",
        "deviceId": "9f419928-3368-4f45-a23c-d07df45b425f",
        "commands": [
            "ping",
            "configure"
        ],
        "states": {
            "temperature": 73.7,
            "humidity": 44,
            "illuminance": 93,
            "battery": 71,
            "motion": "inactive"
        }
    },
    {
        "rooms": [
            "Stairway"
        ],
        "capabilities": [
            "Actuator",
            "Battery",
            "Carbon Monoxide Detector",
            "Power Source",
            "Sensor",
            "Smoke Detector"
        ],
        "label": "Nest Protect - Upstairs",
        "type": "Nest Protect",
        "deviceId": "f7b56812-6267-4028-a06e-d0b5c68d3e28",
        "commands": [
            "runBatteryTest",
            "ping",
            "refresh",
            "runCoTest",
            "log:string, string",
            "runSmokeTest",
            "poll"
        ],
        "states": {
            "powerSource": "mains",
            "smoke": "clear",
            "carbonMonoxide": "clear",
            "battery": 100
        }
    },
    {
        "rooms": [
            "Stairway"
        ],
        "capabilities": [
            "Actuator",
            "Light",
            "Sensor",
            "Switch"
        ],
        "label": "Stairway Lights",
        "type": "Z-Wave Switch",
        "deviceId": "269b367a-89c2-44e6-b6d0-401d339e1540",
        "commands": [
            "ping",
            "refresh",
            "on",
            "indicatorWhenOn",
            "indicatorNever",
            "poll",
            "off",
            "indicatorWhenOff"
        ],
        "states": {
            "switch": "off"
        }
    },
    {
        "rooms": [
            "Stairway"
        ],
        "capabilities": [
            "Actuator",
            "Light",
            "Sensor",
            "Switch"
        ],
        "label": "Upstairs Lights",
        "type": "Z-Wave Switch",
        "deviceId": "9af54424-7e30-4db1-8b88-0e270503082b",
        "commands": [
            "ping",
            "refresh",
            "on",
            "indicatorWhenOn",
            "indicatorNever",
            "poll",
            "off",
            "indicatorWhenOff"
        ],
        "states": {
            "switch": "off"
        }
    },
    {
        "rooms": [
            "Playroom"
        ],
        "capabilities": [
            "Battery",
            "Illuminance Measurement",
            "Motion Sensor",
            "Relative Humidity Measurement",
            "Sensor",
            "Temperature Measurement"
        ],
        "label": "Multisensor - Playroom",
        "type": "Aeon Multisensor Gen5",
        "deviceId": "2c4711cd-43f6-4ba1-969a-1c51668e2f62",
        "commands": [
            "ping",
            "configure"
        ],
        "states": {
            "temperature": 72.5,
            "humidity": 45,
            "illuminance": 43,
            "battery": 77,
            "motion": "inactive"
        }
    },
    {
        "rooms": [
            "Playroom"
        ],
        "capabilities": [
            "Actuator",
            "Light",
            "Sensor",
            "Switch"
        ],
        "label": "Playroom Closet Light",
        "type": "Z-Wave Switch",
        "deviceId": "fdadeb50-18d5-48bf-9eb5-540547f485de",
        "commands": [
            "ping",
            "refresh",
            "on",
            "indicatorWhenOn",
            "indicatorNever",
            "poll",
            "off",
            "indicatorWhenOff"
        ],
        "states": {
            "switch": "on"
        }
    },
    {
        "rooms": [
            "Playroom"
        ],
        "capabilities": [
            "Battery",
            "Contact Sensor",
            "Sensor",
            "Temperature Measurement"
        ],
        "label": "Playroom Door",
        "type": "Thing",
        "deviceId": "5f273c48-8526-4637-be9f-574e314e179f",
        "commands": [
            "refresh",
            "enrollResponse",
            "ping",
            "configure"
        ],
        "states": {
            "battery": 89,
            "temperature": 70,
            "contact": "closed"
        }
    },
    {
        "rooms": [
            "Playroom"
        ],
        "capabilities": [
            "Actuator",
            "Color Control",
            "Color Temperature",
            "Light",
            "Sensor",
            "Switch",
            "Switch Level"
        ],
        "label": "Playroom Floor Light",
        "type": "LIFX Color Bulb",
        "deviceId": "4c245efc-0533-447d-81da-bdba8b46f42f",
        "commands": [
            "setColorTemperature:number",
            "setColor:color_map",
            "ping",
            "setLevel:number, number",
            "refresh",
            "on",
            "setSaturation:number",
            "off",
            "setHue:number"
        ],
        "states": {
            "saturation": 0.08545052262149996,
            "hue": 67.09086747539483,
            "color": "#7F7F7F",
            "level": 100,
            "switch": "off",
            "colorTemperature": 4000
        }
    },
    {
        "rooms": [
            "Playroom"
        ],
        "capabilities": [
            "Actuator",
            "Light",
            "Switch",
            "Switch Level"
        ],
        "label": "Playroom Light 1",
        "type": "Cree Bulb",
        "deviceId": "417011f8-c3d3-4072-8abd-ebfa88552cb1",
        "commands": [
            "refresh",
            "on",
            "ping",
            "setLevel:number, number",
            "off",
            "configure"
        ],
        "states": {
            "level": 100,
            "switch": "on"
        }
    },
    {
        "rooms": [
            "Playroom"
        ],
        "capabilities": [
            "Actuator",
            "Light",
            "Switch",
            "Switch Level"
        ],
        "label": "Playroom Light 2",
        "type": "Cree Bulb",
        "deviceId": "8bd1769c-7494-40e2-a6cc-27a60f88e6a8",
        "commands": [
            "refresh",
            "on",
            "ping",
            "setLevel:number, number",
            "off",
            "configure"
        ],
        "states": {
            "level": 100,
            "switch": "on"
        }
    },
    {
        "rooms": [
            "Playroom"
        ],
        "capabilities": [
            "Actuator",
            "Light",
            "Sensor",
            "Switch"
        ],
        "label": "Playroom Outlet",
        "type": "Z-Wave Switch",
        "deviceId": "ea85a91a-f59b-4894-8fd7-75b6e62ff15f",
        "commands": [
            "ping",
            "refresh",
            "on",
            "indicatorWhenOn",
            "indicatorNever",
            "poll",
            "off",
            "indicatorWhenOff"
        ],
        "states": {
            "switch": "off"
        }
    },
    {
        "rooms": [
            "Outside"
        ],
        "capabilities": [
            "Actuator",
            "Energy Meter",
            "Light",
            "Power Meter",
            "Sensor",
            "Switch"
        ],
        "label": "Outside Christmas Lights",
        "type": "Z-Wave Metering Switch",
        "deviceId": "274d4e41-f018-4d91-8f8f-02332a782780",
        "commands": [
            "reset",
            "ping",
            "refresh",
            "on",
            "poll",
            "off",
            "configure"
        ],
        "states": {
            "power": 0,
            "switch": "off",
            "energy": 12.703
        }
    },
    {
        "rooms": [
            "Outside"
        ],
        "capabilities": [
            "Actuator",
            "Energy Meter",
            "Light",
            "Sensor",
            "Switch"
        ],
        "label": "Outside Garage Lights",
        "type": "Aeon Outlet",
        "deviceId": "9dd89fa8-22f0-422e-8f90-24fd2b915ae3",
        "commands": [
            "refresh",
            "on",
            "reset",
            "poll",
            "off",
            "configure"
        ],
        "states": {
            "switch": "off",
            "energy": 10.184
        }
    },
    {
        "rooms": [
            "Dining Room"
        ],
        "capabilities": [
            "Battery",
            "Contact Sensor",
            "Sensor",
            "Temperature Measurement"
        ],
        "label": "Dining Room - Window North",
        "type": "Iris Contact Sensor",
        "deviceId": "db5a1b55-fbfe-4b06-8a26-fbb278544b77",
        "commands": [
            "refresh",
            "enrollResponse",
            "ping",
            "configure"
        ],
        "states": {
            "battery": 78,
            "temperature": 75,
            "contact": "closed"
        }
    },
    {
        "rooms": [
            "Dining Room"
        ],
        "capabilities": [
            "Battery",
            "Contact Sensor",
            "Sensor",
            "Temperature Measurement"
        ],
        "label": "Dining Room - Window West Center",
        "type": "Iris Contact Sensor",
        "deviceId": "09abce2f-71f6-4919-81ef-e3fba2d2ce93",
        "commands": [
            "refresh",
            "enrollResponse",
            "ping",
            "configure"
        ],
        "states": {
            "battery": 78,
            "temperature": 73,
            "contact": "closed"
        }
    },
    {
        "rooms": [
            "Dining Room"
        ],
        "capabilities": [
            "Battery",
            "Contact Sensor",
            "Sensor",
            "Temperature Measurement"
        ],
        "label": "Dining Room - Window West Left",
        "type": "Iris Contact Sensor",
        "deviceId": "1f739d19-2289-4022-81b4-692c23ba80e9",
        "commands": [
            "refresh",
            "enrollResponse",
            "ping",
            "configure"
        ],
        "states": {
            "battery": 78,
            "temperature": 71,
            "contact": "closed"
        }
    },
    {
        "rooms": [
            "Dining Room"
        ],
        "capabilities": [
            "Battery",
            "Contact Sensor",
            "Sensor",
            "Temperature Measurement"
        ],
        "label": "Dining Room - Window West Right",
        "type": "Iris Contact Sensor",
        "deviceId": "907baec7-a7a8-4508-8281-8bc342a7c700",
        "commands": [
            "refresh",
            "enrollResponse",
            "ping",
            "configure"
        ],
        "states": {
            "battery": 78,
            "temperature": 72,
            "contact": "closed"
        }
    },
    {
        "rooms": [
            "Dining Room"
        ],
        "capabilities": [
            "Actuator",
            "Color Control",
            "Color Temperature",
            "Light",
            "Sensor",
            "Switch",
            "Switch Level"
        ],
        "label": "Dining Room Light",
        "type": "LIFX Color Bulb",
        "deviceId": "03f53e72-43bf-416a-a056-03fadcd95b5d",
        "commands": [
            "setColorTemperature:number",
            "setColor:color_map",
            "ping",
            "setLevel:number, number",
            "refresh",
            "on",
            "setSaturation:number",
            "off",
            "setHue:number"
        ],
        "states": {
            "saturation": 0.08545052262149996,
            "hue": 67.09086747539483,
            "color": "#7F7F7F",
            "level": 100,
            "switch": "on",
            "colorTemperature": 4000
        }
    },
    {
        "rooms": [
            "Dining Room"
        ],
        "capabilities": [
            "Actuator",
            "Light",
            "Sensor",
            "Switch"
        ],
        "label": "Dining Room Outlet",
        "type": "Z-Wave Switch",
        "deviceId": "e66fdb89-e9e3-4be1-88b9-417428420596",
        "commands": [
            "ping",
            "refresh",
            "on",
            "indicatorWhenOn",
            "indicatorNever",
            "poll",
            "off",
            "indicatorWhenOff"
        ],
        "states": {
            "switch": "off"
        }
    },
    {
        "rooms": [
            "Dining Room"
        ],
        "capabilities": [
            "Actuator",
            "Light",
            "Sensor",
            "Switch",
            "Switch Level"
        ],
        "label": "Dining Room Table Light",
        "type": "Dimmer Switch",
        "deviceId": "9694c301-acef-4c36-bc3e-8e39834216bb",
        "commands": [
            "ping",
            "setLevel:number, number",
            "refresh",
            "on",
            "indicatorWhenOn",
            "indicatorNever",
            "poll",
            "off",
            "indicatorWhenOff"
        ],
        "states": {
            "level": 99,
            "switch": "off"
        }
    },
    {
        "rooms": [
            "Dining Room"
        ],
        "capabilities": [
            "Battery",
            "Contact Sensor",
            "Sensor",
            "Temperature Measurement"
        ],
        "label": "Front Door",
        "type": "Iris Contact Sensor",
        "deviceId": "a4f9e73a-2c7b-478f-9f42-12879400ed0b",
        "commands": [
            "refresh",
            "enrollResponse",
            "ping",
            "configure"
        ],
        "states": {
            "battery": 78,
            "temperature": 71,
            "contact": "closed"
        }
    },
    {
        "rooms": [
            "Dining Room"
        ],
        "capabilities": [
            "Actuator",
            "Battery",
            "Lock",
            "Lock Codes",
            "Sensor"
        ],
        "label": "Front Door Lock",
        "type": "KwikSet SmartCode 910 Contemporary Deadbolt Door Lock",
        "deviceId": "0ac6c57d-60f6-422f-9c6b-60be79c4765d",
        "commands": [
            "updateCodes:json_object",
            "deleteCode:number",
            "setCode:string, number, string",
            "ping",
            "lock",
            "setCodeLength:number",
            "reloadAllCodes",
            "refresh",
            "unlockWithTimeout",
            "nameSlot:number, string",
            "unlockwtimeout",
            "unlock",
            "poll",
            "requestCode:number"
        ],
        "states": {
            "battery": null,
            "lock": "unlocked"
        }
    },
    {
        "rooms": [
            "Dining Room"
        ],
        "capabilities": [
            "Actuator",
            "Alarm",
            "Audio Notification",
            "Battery",
            "Button",
            "Music Player",
            "Speech Synthesis",
            "Switch",
            "Tone"
        ],
        "label": "Front Doorbell",
        "type": "Aeon Labs Multifunction Doorbell",
        "deviceId": "c6a3325c-9510-4e2b-8fed-01ffeafc3fbe",
        "commands": [
            "resumeTrack:string",
            "play",
            "pause",
            "playSoundAndTrack",
            "playTrackAndResume:string, number",
            "poll",
            "off",
            "setTrack:string",
            "unmute",
            "playTrackAndRestore:string, number",
            "restoreTrack:string",
            "playTrack:number, string",
            "refresh",
            "nextTrack",
            "playTextAndRestore:string, number",
            "playText:number, string",
            "siren",
            "strobe",
            "playTextAndResume:number, string",
            "both",
            "stop",
            "playRepeatTrackAtVolume",
            "setLevel:number",
            "configure",
            "playRepeatTrack",
            "previousTrack",
            "playTrack:string",
            "ping",
            "beep",
            "on",
            "speak:string",
            "mute",
            "playTrackAtVolume",
            "setVolume"
        ],
        "states": {
            "button": "pushed",
            "level": 10,
            "alarm": "off",
            "mute": "unmuted",
            "battery": 100,
            "status": "off",
            "switch": "off"
        }
    },
    {
        "rooms": [
            "Dining Room"
        ],
        "capabilities": [
            "Battery",
            "Contact Sensor",
            "Sensor"
        ],
        "label": "Garage Entry Door",
        "type": "Z-Wave Contact Sensor",
        "deviceId": "584a32ab-29bb-4fbe-906e-bd597326e9cf",
        "commands": [
            "ping",
            "configure"
        ],
        "states": {
            "battery": 86,
            "contact": "closed"
        }
    },
    {
        "rooms": [
            "Dining Room"
        ],
        "capabilities": [
            "Battery",
            "Illuminance Measurement",
            "Motion Sensor",
            "Relative Humidity Measurement",
            "Sensor",
            "Temperature Measurement",
            "Ultraviolet Index"
        ],
        "label": "Multisensor - Dining Room",
        "type": "Aeon Multisensor 6",
        "deviceId": "2e9a3e1f-2c32-4a2e-b1fe-c5c72b805f17",
        "commands": [
            "ping",
            "configure"
        ],
        "states": {
            "temperature": 79.3,
            "tamper": "clear",
            "humidity": 39,
            "illuminance": 8,
            "battery": 100,
            "motion": "active"
        }
    },
    {
        "rooms": [
            "Dining Room"
        ],
        "capabilities": [
            "Actuator",
            "Battery",
            "Carbon Monoxide Detector",
            "Power Source",
            "Sensor",
            "Smoke Detector"
        ],
        "label": "Nest Protect - Dining Room",
        "type": "Nest Protect",
        "deviceId": "9f39b4bf-3fd1-471a-bb0b-bfe57875b67c",
        "commands": [
            "runBatteryTest",
            "ping",
            "refresh",
            "runCoTest",
            "log:string, string",
            "runSmokeTest",
            "poll"
        ],
        "states": {
            "powerSource": "mains",
            "smoke": "clear",
            "carbonMonoxide": "clear",
            "battery": 100
        }
    },
    {
        "rooms": [
            "Dining Room"
        ],
        "capabilities": [
            "Actuator",
            "Relative Humidity Measurement",
            "Sensor",
            "Temperature Measurement",
            "Thermostat",
            "Thermostat Cooling Setpoint",
            "Thermostat Fan Mode",
            "Thermostat Heating Setpoint",
            "Thermostat Mode",
            "Thermostat Operating State",
            "Thermostat Setpoint"
        ],
        "label": "Nest Thermostat - Dining Room",
        "type": "Nest Thermostat",
        "deviceId": "aa008c50-5537-467c-8f59-d676da7447f6",
        "commands": [
            "log",
            "cool",
            "auto",
            "heatingSetpointUp",
            "ecoDesc:string",
            "coolingSetpointUp",
            "setHeatingSetpoint:number",
            "ecobtn",
            "fanCirculate",
            "setThermostatFanMode:enum",
            "poll",
            "off",
            "away",
            "heat",
            "fanOn",
            "levelDown",
            "refresh",
            "heatbtn",
            "levelUpDown",
            "eco",
            "changeMode",
            "offbtn",
            "whoMadeChanges:string, string, string",
            "setThermostatMode:enum",
            "fanAuto",
            "setSchedule:json_object",
            "autobtn",
            "present",
            "heatingSetpointDown",
            "setPresence",
            "changeFanMode",
            "ping",
            "coolingSetpointDown",
            "updateNestReportData",
            "emergencyHeat",
            "setThermostatMode",
            "setCoolingSetpoint:number",
            "levelUp",
            "coolbtn"
        ],
        "states": {
            "heatingSetpoint": null,
            "coolingSetpoint": 74,
            "thermostatOperatingState": "cooling",
            "temperature": 75,
            "humidity": 45,
            "thermostatFanMode": "on",
            "thermostatMode": "cool",
            "presence": "present"
        }
    },
    {
        "rooms": [
            "Dining Room"
        ],
        "capabilities": [
            "Battery",
            "Button",
            "Contact Sensor",
            "Lock Codes",
            "Motion Sensor",
            "Sensor",
            "Tamper Alert",
            "Temperature Measurement",
            "Tone"
        ],
        "label": "Security Keypad - Dining Room",
        "type": "Iris 3405-L Keypad",
        "deviceId": "1f7af196-0e98-42d1-8f57-a5e16f9f0a09",
        "commands": [
            "updateCodes:json_object",
            "deleteCode:number",
            "setArmedStay",
            "reloadAllCodes",
            "testCmd",
            "setExitDelay:number",
            "unlock",
            "sendInvalidKeycodeResponse",
            "poll",
            "configure",
            "setCode:string, string, number",
            "acknowledgeArmRequest",
            "setArmedAway",
            "setArmedNight",
            "lock",
            "setCodeLength:number",
            "beep",
            "refresh",
            "unlockWithTimeout",
            "nameSlot:number, string",
            "setDisarmed",
            "setEntryDelay:number",
            "requestCode:number"
        ],
        "states": {
            "button": "pushed",
            "tamper": "clear",
            "motion": "inactive",
            "contact": "closed",
            "temperature": 75,
            "lock": null,
            "battery": 80
        }
    },
    {
        "rooms": [
            "Dining Room"
        ],
        "capabilities": [
            "Actuator",
            "Audio Notification",
            "Music Player",
            "Sensor",
            "Switch"
        ],
        "label": "Speaker - Dining Room",
        "type": "LAN Sonos Player",
        "deviceId": "d197cbeb-8a69-48af-8b73-6b34c8df2565",
        "commands": [
            "getCurrentMedia",
            "resumeTrack:string",
            "playTrackAndRestore:number, string",
            "playTextAndRestore:number, string",
            "play",
            "playTrack:string, number",
            "pause",
            "seek",
            "getVolume",
            "playTrackAndResume:number, string, number",
            "off",
            "setTrack:string",
            "playTrackAtVolume:number, string",
            "unmute",
            "getCurrentStatus",
            "playTrackAndRestore:number, number, string",
            "restoreTrack:string",
            "unsubscribe",
            "refresh",
            "nextTrack",
            "playTextAndResume:string, number",
            "tileSetLevel:number",
            "playText:number, string",
            "playTextAndResume:number, string",
            "stop",
            "setLevel:number",
            "playSoundAndTrack:json_object, number, string, number",
            "setLocalLevel:number",
            "subscribe",
            "previousTrack",
            "playTrack:string",
            "ping",
            "on",
            "mute",
            "playTrackAndResume:number, string"
        ],
        "states": {
            "mute": "unmuted",
            "level": 40,
            "status": "stopped",
            "switch": "off"
        }
    },
    {
        "rooms": [
            "Logitech Harmony Activities"
        ],
        "capabilities": [
            "Media Controller"
        ],
        "label": "Harmony - Living Room Hub",
        "type": "Logitech Harmony Hub C2C",
        "deviceId": "12d9910e-9ba5-4b68-acf8-8ae21f3572fb",
        "commands": [
            "refresh",
            "startActivity:string",
            "alloff",
            "activityoff",
            "ping"
        ],
        "states": {
            "currentActivity": "vHarmony - Android TV Home",
            "activities": "[{\"id\":\"25660646\",\"name\":\"Play Xbox One\",\"type\":3},{\"id\":\"18202288\",\"name\":\"Watch TV\",\"type\":1},{\"id\":\"18201399\",\"name\":\"Listen to Google Music on TV\",\"type\":5},{\"id\":\"24639967\",\"name\":\"Watch Netflix\",\"type\":2},{\"id\":\"18736257\",\"name\":\"Listen To Living Room Sonos\",\"type\":14},{\"id\":\"18201255\",\"name\":\"Listen to Pandora on TV\",\"type\":5},{\"id\":\"18200570\",\"name\":\"Listen to Dining Room Sonos\",\"type\":14},{\"id\":\"18200465\",\"name\":\"Play the WiiU\",\"type\":3},{\"id\":\"24639919\",\"name\":\"Watch Plex\",\"type\":2},{\"id\":\"24639894\",\"name\":\"Android TV Home\",\"type\":2},{\"id\":\"off\",\"name\":\"Activity OFF\",\"type\":\"0\"}]"
        }
    },
    {
        "rooms": [
            "Logitech Harmony Activities"
        ],
        "capabilities": [
            "Actuator",
            "Switch"
        ],
        "label": "vHarmony - Android TV Home",
        "type": "Harmony Activity",
        "deviceId": "9dffd3fd-f0c8-45de-917b-efd96876771a",
        "commands": [
            "refresh",
            "on",
            "alloff",
            "off",
            "huboff"
        ],
        "states": {
            "switch": "on"
        }
    },
    {
        "rooms": [
            "Logitech Harmony Activities"
        ],
        "capabilities": [
            "Actuator",
            "Switch"
        ],
        "label": "vHarmony - Listen To Living Room Sonos",
        "type": "Harmony Activity",
        "deviceId": "7a2f3e80-9414-477f-9caf-203ee0790105",
        "commands": [
            "refresh",
            "on",
            "alloff",
            "off",
            "huboff"
        ],
        "states": {
            "switch": "off"
        }
    },
    {
        "rooms": [
            "Logitech Harmony Activities"
        ],
        "capabilities": [
            "Actuator",
            "Switch"
        ],
        "label": "vHarmony - Listen to Dining Room Sonos",
        "type": "Harmony Activity",
        "deviceId": "8324bd9b-52bf-45a5-8b45-766506552ed8",
        "commands": [
            "refresh",
            "on",
            "alloff",
            "off",
            "huboff"
        ],
        "states": {
            "switch": "off"
        }
    },
    {
        "rooms": [
            "Logitech Harmony Activities"
        ],
        "capabilities": [
            "Actuator",
            "Switch"
        ],
        "label": "vHarmony - Listen to Google Music on TV",
        "type": "Harmony Activity",
        "deviceId": "6ceda296-b3a1-4438-9963-2da019100ebe",
        "commands": [
            "refresh",
            "on",
            "alloff",
            "off",
            "huboff"
        ],
        "states": {
            "switch": "off"
        }
    },
    {
        "rooms": [
            "Logitech Harmony Activities"
        ],
        "capabilities": [
            "Actuator",
            "Switch"
        ],
        "label": "vHarmony - Listen to Pandora on TV",
        "type": "Harmony Activity",
        "deviceId": "cae4ef51-01b9-4e7d-a10a-aa304eb52a80",
        "commands": [
            "refresh",
            "on",
            "alloff",
            "off",
            "huboff"
        ],
        "states": {
            "switch": "off"
        }
    },
    {
        "rooms": [
            "Logitech Harmony Activities"
        ],
        "capabilities": [
            "Actuator",
            "Switch"
        ],
        "label": "vHarmony - Play Xbox One",
        "type": "Harmony Activity",
        "deviceId": "aca0cfa3-291d-4f90-8be1-35a39702675b",
        "commands": [
            "refresh",
            "on",
            "alloff",
            "off",
            "huboff"
        ],
        "states": {
            "switch": "off"
        }
    },
    {
        "rooms": [
            "Logitech Harmony Activities"
        ],
        "capabilities": [
            "Actuator",
            "Switch"
        ],
        "label": "vHarmony - Play the WiiU",
        "type": "Harmony Activity",
        "deviceId": "346da3f8-3cb4-4d80-8853-f90513c91ebf",
        "commands": [
            "refresh",
            "on",
            "alloff",
            "off",
            "huboff"
        ],
        "states": {
            "switch": "off"
        }
    },
    {
        "rooms": [
            "Logitech Harmony Activities"
        ],
        "capabilities": [
            "Actuator",
            "Switch"
        ],
        "label": "vHarmony - Watch Netflix",
        "type": "Harmony Activity",
        "deviceId": "e6199a4a-414d-4797-b715-a33e1aa929c6",
        "commands": [
            "refresh",
            "on",
            "alloff",
            "off",
            "huboff"
        ],
        "states": {
            "switch": "off"
        }
    },
    {
        "rooms": [
            "Logitech Harmony Activities"
        ],
        "capabilities": [
            "Actuator",
            "Switch"
        ],
        "label": "vHarmony - Watch Plex",
        "type": "Harmony Activity",
        "deviceId": "a8febdf9-01fe-45dc-9ce1-fe99f5a27c5f",
        "commands": [
            "refresh",
            "on",
            "alloff",
            "off",
            "huboff"
        ],
        "states": {
            "switch": "off"
        }
    },
    {
        "rooms": [
            "Logitech Harmony Activities"
        ],
        "capabilities": [
            "Actuator",
            "Switch"
        ],
        "label": "vHarmony - Watch TV",
        "type": "Harmony Activity",
        "deviceId": "85ae7ba0-17b5-42d6-951b-61d8a6ee0ea0",
        "commands": [
            "refresh",
            "on",
            "alloff",
            "off",
            "huboff"
        ],
        "states": {
            "switch": "off"
        }
    },
    {
        "rooms": [
            "First Floor Bathroom"
        ],
        "capabilities": [
            "Battery",
            "Contact Sensor",
            "Sensor",
            "Temperature Measurement"
        ],
        "label": "First Floor Bathroom Door",
        "type": "Iris Contact Sensor",
        "deviceId": "ae108c7e-59a9-42be-bf4c-d25ec69bcda8",
        "commands": [
            "refresh",
            "enrollResponse",
            "ping",
            "configure"
        ],
        "states": {
            "battery": 78,
            "temperature": 75,
            "contact": "closed"
        }
    },
    {
        "rooms": [
            "First Floor Bathroom"
        ],
        "capabilities": [
            "Actuator",
            "Fan",
            "Light",
            "Sensor",
            "Switch"
        ],
        "label": "First Floor Bathroom Fan",
        "type": "Z-Wave Switch",
        "deviceId": "9b15972f-a377-469f-a8c7-176e392fa41c",
        "commands": [
            "ping",
            "refresh",
            "on",
            "indicatorWhenOn",
            "indicatorNever",
            "poll",
            "off",
            "indicatorWhenOff"
        ],
        "states": {
            "switch": "off"
        }
    },
    {
        "rooms": [
            "First Floor Bathroom"
        ],
        "capabilities": [
            "Actuator",
            "Light",
            "Sensor",
            "Switch"
        ],
        "label": "First Floor Bathroom Light",
        "type": "Z-Wave Switch",
        "deviceId": "7de39186-03d5-4285-9360-f0d6d0635662",
        "commands": [
            "ping",
            "refresh",
            "on",
            "indicatorWhenOn",
            "indicatorNever",
            "poll",
            "off",
            "indicatorWhenOff"
        ],
        "states": {
            "switch": "off"
        }
    },
    {
        "rooms": [
            "First Floor Bathroom"
        ],
        "capabilities": [
            "Battery",
            "Motion Sensor",
            "Sensor",
            "Temperature Measurement"
        ],
        "label": "Multisensor - First Floor Bathroom",
        "type": "Iris Motion Sensor",
        "deviceId": "e873f4a3-3c8c-4cb9-9e3b-dc0f0c93f2e2",
        "commands": [
            "refresh",
            "enrollResponse",
            "ping",
            "configure"
        ],
        "states": {
            "battery": 1,
            "motion": "inactive",
            "temperature": 74
        }
    },
    {
        "rooms": [
            "First Floor Bathroom"
        ],
        "capabilities": [
            "Battery",
            "Sensor",
            "Temperature Measurement",
            "Water Sensor"
        ],
        "label": "Water - First Floor Bathroom",
        "type": "Water Leak Sensor",
        "deviceId": "295bf291-3742-4b30-aa91-298c350b3619",
        "commands": [
            "refresh",
            "enrollResponse",
            "ping",
            "configure"
        ],
        "states": {
            "battery": 100,
            "temperature": 72,
            "water": "dry"
        }
    },
    {
        "rooms": [
            "Laundry Room"
        ],
        "capabilities": [
            "Acceleration Sensor",
            "Battery",
            "Contact Sensor",
            "Sensor",
            "Temperature Measurement",
            "Three Axis"
        ],
        "label": "Dryer Sensor",
        "type": "Multipurpose Sensor",
        "deviceId": "77238c90-c3a3-43e8-93ec-358428915921",
        "commands": [
            "refresh",
            "enrollResponse",
            "ping",
            "configure"
        ],
        "states": {
            "temperature": 68,
            "battery": 50,
            "status": "closed",
            "contact": "closed"
        }
    },
    {
        "rooms": [
            "Laundry Room"
        ],
        "capabilities": [
            "Actuator",
            "Light",
            "Sensor",
            "Switch",
            "Switch Level"
        ],
        "label": "Laundry Room Light",
        "type": "Cree Bulb",
        "deviceId": "65d81ada-8073-4552-84c6-962b227574ab",
        "commands": [
            "refresh",
            "on",
            "setLevel:number, number",
            "poll",
            "off",
            "configure"
        ],
        "states": {
            "level": 100,
            "switch": "off"
        }
    },
    {
        "rooms": [
            "Laundry Room"
        ],
        "capabilities": [
            "Battery",
            "Motion Sensor",
            "Sensor",
            "Temperature Measurement"
        ],
        "label": "Multisensor - Laundry Room",
        "type": "SmartSense Motion Sensor",
        "deviceId": "bcb603c9-c52a-42f6-ba1c-c937cb24df1f",
        "commands": [
            "refresh",
            "enrollResponse",
            "ping",
            "configure"
        ],
        "states": {
            "battery": 33,
            "motion": "inactive",
            "temperature": 68
        }
    },
    {
        "rooms": [
            "Laundry Room"
        ],
        "capabilities": [
            "Actuator",
            "Power Meter",
            "Sensor",
            "Switch"
        ],
        "label": "Sump Pump",
        "type": "Outlet",
        "deviceId": "c1380167-03b5-4491-95fa-9893aeb2284a",
        "commands": [
            "refresh",
            "on",
            "ping",
            "off",
            "configure"
        ],
        "states": {
            "power": 0.9,
            "switch": "on"
        }
    },
    {
        "rooms": [
            "Laundry Room"
        ],
        "capabilities": [
            "Actuator",
            "Power Meter",
            "Sensor",
            "Switch"
        ],
        "label": "Washing Machine Outlet",
        "type": "Outlet",
        "deviceId": "91b97b9a-e319-4fbd-9603-1e61fd6c76bf",
        "commands": [
            "refresh",
            "on",
            "ping",
            "off",
            "configure"
        ],
        "states": {
            "power": 1,
            "switch": "on"
        }
    },
    {
        "rooms": [
            "Laundry Room"
        ],
        "capabilities": [
            "Battery",
            "Sensor",
            "Water Sensor"
        ],
        "label": "Water - Sump Pump Hole",
        "type": "Utilitech Water Sensor (MT)",
        "deviceId": "b8bfa60b-834e-4c01-be12-2f12601087f3",
        "commands": [],
        "states": {
            "battery": 90,
            "water": "dry"
        }
    },
    {
        "rooms": [
            "Grace's Bedroom"
        ],
        "capabilities": [
            "Actuator",
            "Light",
            "Sensor",
            "Switch"
        ],
        "label": "Grace's Bedroom Outlet",
        "type": "Z-Wave Switch",
        "deviceId": "ac644362-cdaf-499c-ad1a-8935c337738e",
        "commands": [
            "ping",
            "refresh",
            "on",
            "indicatorWhenOn",
            "indicatorNever",
            "poll",
            "off",
            "indicatorWhenOff"
        ],
        "states": {
            "switch": "off"
        }
    },
    {
        "rooms": [
            "Grace's Bedroom"
        ],
        "capabilities": [
            "Actuator",
            "Light",
            "Sensor",
            "Switch"
        ],
        "label": "Grace's Closet Light",
        "type": "Z-Wave Switch",
        "deviceId": "be9565b6-c499-4024-a816-7e5fbb38e73f",
        "commands": [
            "ping",
            "refresh",
            "on",
            "indicatorWhenOn",
            "indicatorNever",
            "poll",
            "off",
            "indicatorWhenOff"
        ],
        "states": {
            "switch": "off"
        }
    },
    {
        "rooms": [
            "Grace's Bedroom"
        ],
        "capabilities": [
            "Actuator",
            "Fan",
            "Power Meter",
            "Sensor",
            "Switch"
        ],
        "label": "Grace's Fan",
        "type": "Outlet",
        "deviceId": "5e41e8d9-74d2-4d3d-84e7-f5c39fe1e9b5",
        "commands": [
            "refresh",
            "on",
            "ping",
            "off",
            "configure"
        ],
        "states": {
            "power": 0,
            "switch": "off"
        }
    },
    {
        "rooms": [
            "Grace's Bedroom"
        ],
        "capabilities": [
            "Battery",
            "Contact Sensor",
            "Sensor",
            "Temperature Measurement"
        ],
        "label": "Graces Door",
        "type": "Thing",
        "deviceId": "c7eeb16f-8fe3-4bf7-9e51-5a5ee7319175",
        "commands": [
            "refresh",
            "enrollResponse",
            "ping",
            "configure"
        ],
        "states": {
            "battery": 78,
            "temperature": 74,
            "contact": "open"
        }
    },
    {
        "rooms": [
            "Grace's Bedroom"
        ],
        "capabilities": [
            "Actuator",
            "Light",
            "Sensor",
            "Switch",
            "Switch Level"
        ],
        "label": "Graces Floor Light 1",
        "type": "Cree Bulb",
        "deviceId": "5656add1-f441-4956-8500-8eb3eaac72a1",
        "commands": [
            "refresh",
            "on",
            "setLevel:number, number",
            "poll",
            "off",
            "configure"
        ],
        "states": {
            "level": 70,
            "switch": "off"
        }
    },
    {
        "rooms": [
            "Grace's Bedroom"
        ],
        "capabilities": [
            "Actuator",
            "Light",
            "Sensor",
            "Switch",
            "Switch Level"
        ],
        "label": "Graces Floor Light 2",
        "type": "Cree Bulb",
        "deviceId": "b770365d-4b24-4191-b9cc-d38da87846c8",
        "commands": [
            "refresh",
            "on",
            "setLevel:number, number",
            "poll",
            "off",
            "configure"
        ],
        "states": {
            "level": 80,
            "switch": "off"
        }
    },
    {
        "rooms": [
            "Grace's Bedroom"
        ],
        "capabilities": [
            "Actuator",
            "Light",
            "Sensor",
            "Switch",
            "Switch Level"
        ],
        "label": "Graces Light",
        "type": "Cree Bulb",
        "deviceId": "d2e450fb-ceb8-43c7-b7c8-d7e42faf2153",
        "commands": [
            "refresh",
            "on",
            "setLevel:number, number",
            "poll",
            "off",
            "configure"
        ],
        "states": {
            "level": 100,
            "switch": "on"
        }
    },
    {
        "rooms": [
            "Grace's Bedroom"
        ],
        "capabilities": [
            "Battery",
            "Contact Sensor",
            "Sensor",
            "Temperature Measurement"
        ],
        "label": "Graces Window",
        "type": "Iris Contact Sensor",
        "deviceId": "115bb181-ba23-40e5-a2ce-0dccd18f5030",
        "commands": [
            "refresh",
            "enrollResponse",
            "ping",
            "configure"
        ],
        "states": {
            "battery": 78,
            "temperature": 75,
            "contact": "closed"
        }
    },
    {
        "rooms": [
            "Grace's Bedroom"
        ],
        "capabilities": [
            "Battery",
            "Illuminance Measurement",
            "Motion Sensor",
            "Relative Humidity Measurement",
            "Sensor",
            "Temperature Measurement"
        ],
        "label": "Multisensor - Grace's Bedroom",
        "type": "Aeon Multisensor Gen5",
        "deviceId": "af6c2da8-c744-4012-89c8-7721bfa9db45",
        "commands": [
            "ping",
            "configure"
        ],
        "states": {
            "temperature": 73.5,
            "humidity": 44,
            "illuminance": 32,
            "battery": 66,
            "motion": "inactive"
        }
    },
    {
        "rooms": [
            "Grace's Bedroom"
        ],
        "capabilities": [
            "Battery",
            "Motion Sensor",
            "Sensor",
            "Temperature Measurement"
        ],
        "label": "Multisensor - Grace's Closet",
        "type": "Iris Motion Sensor",
        "deviceId": "45482be3-05e0-4e55-bfbf-9ccdea84caa9",
        "commands": [
            "refresh",
            "enrollResponse",
            "ping",
            "configure"
        ],
        "states": {
            "battery": 100,
            "motion": "inactive",
            "temperature": 75
        }
    }
]
