[
	{
		"commands": ["on", "off"],
		"states": {
			"switch": "off"
		},
		"label": "Living Room Fan",
		"debug": {
			"dt": "Tue Sep 05 00:20:58 EDT 2017",
			"profVer": "5.0.0",
			"parentDt": "9-4-2017",
			"profDt": "9-4-2017",
			"parentVer": "R.5.0.0904"
		},
		"capabilities": ["Fan", "Light", "Switch"],
		"type": "GE Wall Switch",
		"deviceId": "cc9dc773-cba0-4753-b35c-f80acf85c10e",
		"rooms": ["Living Room"]
	},
	{
		"commands": [],
		"states": {
			"carbonMonoxide": null,
			"battery": 61,
			"smoke": null
		},
		"label": "Living Room Glass Break",
		"debug": {
			"dt": "Tue Sep 05 00:20:58 EDT 2017",
			"profVer": "5.0.0",
			"parentDt": "9-4-2017",
			"profDt": "9-4-2017",
			"parentVer": "R.5.0.0904"
		},
		"capabilities": ["Battery", "Carbon Monoxide Detector", "Smoke Detector"],
		"type": "Utilitech Glass Break Sensor",
		"deviceId": "a3b3ea16-e083-4bb1-bc3b-94ac05b2377d",
		"rooms": ["Living Room"]
	},
	{
		"commands": [],
		"states": {
			"battery": 100,
			"contact": "closed"
		},
		"label": "Sliding Glass Door",
		"debug": {
			"dt": "Tue Sep 05 00:20:58 EDT 2017",
			"profVer": "5.0.0",
			"parentDt": "9-4-2017",
			"profDt": "9-4-2017",
			"parentVer": "R.5.0.0904"
		},
		"capabilities": ["Battery", "Contact Sensor"],
		"type": "Ecolink Door/Window Sensor",
		"deviceId": "b4c7db42-1466-4f89-bb01-b217f8b15bbe",
		"rooms": ["Living Room"]
	},
	{
		"commands": ["on", "off"],
		"states": {
			"power": 0,
			"switch": "off"
		},
		"label": "Subwoofer",
		"debug": {
			"dt": "Tue Sep 05 00:20:58 EDT 2017",
			"profVer": "5.0.0",
			"parentDt": "9-4-2017",
			"profDt": "9-4-2017",
			"parentVer": "R.5.0.0904"
		},
		"capabilities": ["Outlet", "Power Meter", "Switch"],
		"type": "Outlet",
		"deviceId": "c4f6577c-f5be-4794-893e-732f97493a98",
		"rooms": ["Living Room"]
	},
	{
		"commands": [],
		"states": {
			"water": "dry",
			"battery": 56,
			"temperature": 71
		},
		"label": "AC Water Sensor",
		"capabilities": ["Battery", "Temperature Measurement", "Water Sensor"],
		"debug": {
			"dt": "Tue Sep 05 00:21:00 EDT 2017",
			"profVer": "5.0.0",
			"parentDt": "9-4-2017",
			"profDt": "9-4-2017",
			"parentVer": "R.5.0.0904"
		},
		"type": "Iris Smart Water Sensor",
		"deviceId": "a7ae6a36-5287-4767-bf4a-704d46d6e254",
		"rooms": ["Upstairs"]
	},
	{
		"commands": ["runSmokeTest", "runCoTest", "runBatteryTest"],
		"states": {
			"carbonMonoxide": "clear",
			"powerSource": "mains",
			"battery": 100,
			"smoke": "clear"
		},
		"label": "Nest Protect - Upstairs",
		"capabilities": ["Battery", "Carbon Monoxide Detector", "Power Source", "Smoke Detector"],
		"debug": {
			"dt": "Tue Sep 05 00:21:00 EDT 2017",
			"profVer": "5.0.0",
			"parentDt": "9-4-2017",
			"profDt": "9-4-2017",
			"parentVer": "R.5.0.0904"
		},
		"type": "Nest Protect",
		"deviceId": "2cd20b8a-4079-4aab-a790-3a95e557a25a",
		"rooms": ["Upstairs"]
	},
	{
		"commands": [
			"cool",
			"auto",
			"heatingSetpointUp",
			"coolingSetpointUp",
			"setHeatingSetpoint:number",
			"ecobtn",
			"fanCirculate",
			"setThermostatFanMode:enum",
			"off",
			"away",
			"heat",
			"fanOn",
			"levelDown",
			"heatbtn",
			"levelUpDown",
			"eco",
			"changeMode",
			"offbtn",
			"setThermostatMode:enum",
			"fanAuto",
			"setSchedule:json_object",
			"autobtn",
			"present",
			"heatingSetpointDown",
			"setPresence",
			"changeFanMode",
			"coolingSetpointDown",
			"updateNestReportData",
			"emergencyHeat",
			"setThermostatMode",
			"setCoolingSetpoint:number",
			"levelUp",
			"coolbtn"
		],
		"states": {
			"heatingSetpoint": 40,
			"humidity": 55,
			"presence": "not present",
			"coolingSetpoint": 76,
			"thermostatMode": "auto",
			"thermostatOperatingState": "idle",
			"thermostatFanMode": "auto",
			"temperature": 76
		},
		"label": "Nest Thermostat - Upstairs",
		"capabilities": ["Relative Humidity Measurement", "Temperature Measurement", "Thermostat", "Thermostat Cooling Setpoint", "Thermostat Fan Mode", "Thermostat Heating Setpoint", "Thermostat Mode", "Thermostat Operating State", "Thermostat Setpoint"],
		"debug": {
			"dt": "Tue Sep 05 00:21:00 EDT 2017",
			"profVer": "5.0.0",
			"parentDt": "9-4-2017",
			"profDt": "9-4-2017",
			"parentVer": "R.5.0.0904"
		},
		"type": "Nest Thermostat",
		"deviceId": "aa3817f7-1545-4377-85e2-73a3f64f1dd3",
		"rooms": ["Upstairs"]
	},
	{
		"commands": [],
		"states": {
			"water": "dry",
			"battery": 56,
			"temperature": 73
		},
		"label": "Upstairs Bathroom Water Sensor",
		"capabilities": ["Battery", "Temperature Measurement", "Water Sensor"],
		"debug": {
			"dt": "Tue Sep 05 00:21:01 EDT 2017",
			"profVer": "5.0.0",
			"parentDt": "9-4-2017",
			"profDt": "9-4-2017",
			"parentVer": "R.5.0.0904"
		},
		"type": "Iris Smart Water Sensor",
		"deviceId": "712d2b4b-2bc3-4b02-b9c6-bd62d5b49a0e",
		"rooms": ["Upstairs"]
	},
	{
		"commands": [],
		"states": {
			"carbonMonoxide": null,
			"battery": 61,
			"smoke": null
		},
		"label": "Master Bath Glass Break",
		"debug": {
			"dt": "Tue Sep 05 00:20:58 EDT 2017",
			"profVer": "5.0.0",
			"parentDt": "9-4-2017",
			"profDt": "9-4-2017",
			"parentVer": "R.5.0.0904"
		},
		"capabilities": ["Battery", "Carbon Monoxide Detector", "Smoke Detector"],
		"type": "Z-Wave Sensor",
		"deviceId": "8934534a-cb4b-46a4-86ec-f917d146cb01",
		"rooms": ["Master"]
	},
	{
		"commands": ["on", "off"],
		"states": {
			"switch": "off"
		},
		"label": "Master Bathroom Lights",
		"debug": {
			"dt": "Tue Sep 05 00:20:58 EDT 2017",
			"profVer": "5.0.0",
			"parentDt": "9-4-2017",
			"profDt": "9-4-2017",
			"parentVer": "R.5.0.0904"
		},
		"capabilities": ["Light", "Switch"],
		"type": "GE Wall Switch",
		"deviceId": "c7c4c9ab-772c-4bf6-ac9e-b0a4f2137a75",
		"rooms": ["Master"]
	},
	{
		"commands": ["on", "off"],
		"states": {
			"switch": "off"
		},
		"label": "Master Closet Light",
		"debug": {
			"dt": "Tue Sep 05 00:20:58 EDT 2017",
			"profVer": "5.0.0",
			"parentDt": "9-4-2017",
			"profDt": "9-4-2017",
			"parentVer": "R.5.0.0904"
		},
		"capabilities": ["Light", "Switch"],
		"type": "GE Wall Switch",
		"deviceId": "e15aae2c-c143-4432-9889-2f322aac2ec9",
		"rooms": ["Master"]
	},
	{
		"commands": [],
		"states": {
			"battery": 100,
			"motion": "inactive",
			"temperature": 71
		},
		"label": "Master Closet Motion",
		"debug": {
			"dt": "Tue Sep 05 00:20:58 EDT 2017",
			"profVer": "5.0.0",
			"parentDt": "9-4-2017",
			"profDt": "9-4-2017",
			"parentVer": "R.5.0.0904"
		},
		"capabilities": ["Battery", "Motion Sensor", "Temperature Measurement"],
		"type": "Iris Motion Sensor",
		"deviceId": "48627f5e-ce5e-49a8-b57f-b7b3e0da8020",
		"rooms": ["Master"]
	},
	{
		"commands": ["lightLevel", "lightOn", "setLevel:number, number", "on", "lightOff", "setFanSpeed", "off"],
		"states": {
			"level": null,
			"switch": "off"
		},
		"label": "Office Fan",
		"debug": {
			"dt": "Tue Sep 05 00:20:59 EDT 2017",
			"profVer": "5.0.0",
			"parentDt": "9-4-2017",
			"profDt": "9-4-2017",
			"parentVer": "R.5.0.0904"
		},
		"capabilities": ["Fan", "Light", "Switch", "Switch Level"],
		"type": "KOF Zigbee Fan Controller",
		"deviceId": "28a94055-a6fd-43b8-b151-13f1985e0925",
		"rooms": ["Office"]
	},
	{
		"commands": ["on", "setLevel:number, number", "off"],
		"states": {
			"level": 61,
			"switch": "off"
		},
		"label": "Office Light",
		"debug": {
			"dt": "Tue Sep 05 00:20:59 EDT 2017",
			"profVer": "5.0.0",
			"parentDt": "9-4-2017",
			"profDt": "9-4-2017",
			"parentVer": "R.5.0.0904"
		},
		"capabilities": ["Light", "Switch", "Switch Level"],
		"type": "KOF Zigbee Fan Controller - Light Child Device",
		"deviceId": "08753b57-70c4-4d50-9b18-79308923682e",
		"rooms": ["Office"]
	},
	{
		"commands": ["on", "off"],
		"states": {
			"power": 0,
			"switch": "on"
		},
		"label": "Office Outlet",
		"debug": {
			"dt": "Tue Sep 05 00:20:59 EDT 2017",
			"profVer": "5.0.0",
			"parentDt": "9-4-2017",
			"profDt": "9-4-2017",
			"parentVer": "R.5.0.0904"
		},
		"capabilities": ["Outlet", "Power Meter", "Switch"],
		"type": "Outlet",
		"deviceId": "3f4ff1bb-4b5f-4b67-bc84-cb4c506c9502",
		"rooms": ["Office"]
	},
	{
		"commands": [],
		"states": {
			"battery": 75,
			"contact": "closed"
		},
		"label": "Garage Door",
		"capabilities": ["Battery", "Contact Sensor"],
		"debug": {
			"dt": "Tue Sep 05 00:20:58 EDT 2017",
			"profVer": "5.0.0",
			"parentDt": "9-4-2017",
			"profDt": "9-4-2017",
			"parentVer": "R.5.0.0904"
		},
		"type": "NYCE Door Hinge Sensor",
		"deviceId": "2578b104-59e8-4f30-9372-e4dd302cf408",
		"rooms": ["Garage"]
	},
	{
		"commands": ["open", "close"],
		"states": {
			"door": "closed",
			"contact": "closed"
		},
		"label": "Garage Door Opener",
		"capabilities": ["Contact Sensor", "Door Control", "Garage Door Control"],
		"debug": {
			"dt": "Tue Sep 05 00:20:58 EDT 2017",
			"profVer": "5.0.0",
			"parentDt": "9-4-2017",
			"profDt": "9-4-2017",
			"parentVer": "R.5.0.0904"
		},
		"type": "Linear GoControl Garage Door Opener",
		"deviceId": "7c0fb708-295b-47ae-a3cd-780e710a915c",
		"rooms": ["Garage"]
	},
	{
		"commands": ["on", "setLevel:number, number", "off"],
		"states": {
			"level": 33,
			"switch": "on"
		},
		"label": "Addys Fan",
		"debug": {
			"dt": "Tue Sep 05 00:20:58 EDT 2017",
			"profVer": "5.0.0",
			"parentDt": "9-4-2017",
			"profDt": "9-4-2017",
			"parentVer": "R.5.0.0904"
		},
		"capabilities": ["Fan", "Light", "Switch", "Switch Level"],
		"type": "GE In-Wall Smart Fan Control",
		"deviceId": "8e5a8d25-b238-4ae2-8104-b3cdbdff6699",
		"rooms": ["Addy's Room"]
	},
	{
		"commands": ["on", "off"],
		"states": {
			"switch": "off"
		},
		"label": "Addys Light",
		"debug": {
			"dt": "Tue Sep 05 00:20:58 EDT 2017",
			"profVer": "5.0.0",
			"parentDt": "9-4-2017",
			"profDt": "9-4-2017",
			"parentVer": "R.5.0.0904"
		},
		"capabilities": ["Light", "Relay Switch", "Switch"],
		"type": "Z-Wave Relay",
		"deviceId": "5a33b590-e2db-4a17-b886-2cfc3b853c6f",
		"rooms": ["Addy's Room"]
	},
	{
		"commands": [],
		"states": {
			"battery": 87,
			"contact": "closed"
		},
		"label": "Front Door",
		"debug": {
			"dt": "Tue Sep 05 00:21:00 EDT 2017",
			"profVer": "5.0.0",
			"parentDt": "9-4-2017",
			"profDt": "9-4-2017",
			"parentVer": "R.5.0.0904"
		},
		"capabilities": ["Battery", "Contact Sensor"],
		"type": "NYCE Door Hinge Sensor",
		"deviceId": "226a0377-a2ae-49b7-8fc1-21107e217f65",
		"rooms": ["Downstairs"]
	},
	{
		"commands": ["unlockwtimeout", "lock", "unlock"],
		"states": {
			"battery": 100,
			"lock": "locked"
		},
		"label": "Front Door Lock",
		"debug": {
			"dt": "Tue Sep 05 00:21:00 EDT 2017",
			"profVer": "5.0.0",
			"parentDt": "9-4-2017",
			"profDt": "9-4-2017",
			"parentVer": "R.5.0.0904"
		},
		"capabilities": ["Battery", "Lock", "Lock Codes"],
		"type": "Z-Wave Lock",
		"deviceId": "5d84039e-0c2a-471e-a77f-7f950d7d153f",
		"rooms": ["Downstairs"]
	},
	{
		"commands": ["runSmokeTest", "runCoTest", "runBatteryTest"],
		"states": {
			"carbonMonoxide": "clear",
			"battery": 100,
			"powerSource": "mains",
			"smoke": "clear"
		},
		"label": "Nest Protect - Downstairs",
		"debug": {
			"dt": "Tue Sep 05 00:21:00 EDT 2017",
			"profVer": "5.0.0",
			"parentDt": "9-4-2017",
			"profDt": "9-4-2017",
			"parentVer": "R.5.0.0904"
		},
		"capabilities": ["Battery", "Carbon Monoxide Detector", "Power Source", "Smoke Detector"],
		"type": "Nest Protect",
		"deviceId": "bed04c18-e67a-4ba4-9424-937c4653a8df",
		"rooms": ["Downstairs"]
	},
	{
		"commands": [
			"cool",
			"auto",
			"heatingSetpointUp",
			"coolingSetpointUp",
			"setHeatingSetpoint:number",
			"ecobtn",
			"fanCirculate",
			"setThermostatFanMode:enum",
			"off",
			"away",
			"heat",
			"fanOn",
			"levelDown",
			"heatbtn",
			"levelUpDown",
			"eco",
			"changeMode",
			"offbtn",
			"setThermostatMode:enum",
			"fanAuto",
			"setSchedule:json_object",
			"autobtn",
			"present",
			"heatingSetpointDown",
			"setPresence",
			"changeFanMode",
			"coolingSetpointDown",
			"updateNestReportData",
			"emergencyHeat",
			"setThermostatMode",
			"setCoolingSetpoint:number",
			"levelUp",
			"coolbtn"
		],
		"states": {
			"heatingSetpoint": 40,
			"humidity": 50,
			"presence": "not present",
			"coolingSetpoint": 76,
			"thermostatMode": "auto",
			"thermostatOperatingState": "cooling",
			"thermostatFanMode": "on",
			"temperature": 76
		},
		"label": "Nest Thermostat - Downstairs",
		"debug": {
			"dt": "Tue Sep 05 00:21:00 EDT 2017",
			"profVer": "5.0.0",
			"parentDt": "9-4-2017",
			"profDt": "9-4-2017",
			"parentVer": "R.5.0.0904"
		},
		"capabilities": ["Relative Humidity Measurement", "Temperature Measurement", "Thermostat", "Thermostat Cooling Setpoint", "Thermostat Fan Mode", "Thermostat Heating Setpoint", "Thermostat Mode", "Thermostat Operating State", "Thermostat Setpoint"],
		"type": "Nest Thermostat",
		"deviceId": "5ed0c915-7872-49de-907f-2e1537b38c79",
		"rooms": ["Downstairs"]
	},
	{
		"commands": ["on", "off"],
		"states": {
			"switch": "off"
		},
		"label": "Utility Room Light",
		"debug": {
			"dt": "Tue Sep 05 00:21:00 EDT 2017",
			"profVer": "5.0.0",
			"parentDt": "9-4-2017",
			"profDt": "9-4-2017",
			"parentVer": "R.5.0.0904"
		},
		"capabilities": ["Light", "Switch"],
		"type": "GE Wall Switch",
		"deviceId": "01a2e672-7382-42b8-a8bc-f4f3308e6f63",
		"rooms": ["Downstairs"]
	},
	{
		"commands": [],
		"states": {
			"battery": 100,
			"motion": "inactive",
			"temperature": 71
		},
		"label": "Utility Room Motion",
		"debug": {
			"dt": "Tue Sep 05 00:21:00 EDT 2017",
			"profVer": "5.0.0",
			"parentDt": "9-4-2017",
			"profDt": "9-4-2017",
			"parentVer": "R.5.0.0904"
		},
		"capabilities": ["Battery", "Motion Sensor", "Temperature Measurement"],
		"type": "Iris Motion Sensor",
		"deviceId": "de05757b-d3d8-406d-a46e-9f47ac56e54f",
		"rooms": ["Downstairs"]
	},
	{
		"commands": ["on", "off"],
		"states": {
			"switch": "off"
		},
		"label": "Dining Room Light",
		"capabilities": ["Light", "Relay Switch", "Switch"],
		"debug": {
			"dt": "Tue Sep 05 00:20:58 EDT 2017",
			"profVer": "5.0.0",
			"parentDt": "9-4-2017",
			"profDt": "9-4-2017",
			"parentVer": "R.5.0.0904"
		},
		"type": "Z-Wave Relay",
		"deviceId": "dc23d52e-b554-49b0-b0db-e5e86bd9a081",
		"rooms": ["Kitchen"]
	},
	{
		"commands": ["on", "off"],
		"states": {
			"status": "off",
			"switch": "off"
		},
		"label": "Island Lights",
		"capabilities": ["Bridge", "Light", "Switch"],
		"debug": {
			"dt": "Tue Sep 05 00:20:58 EDT 2017",
			"profVer": "5.0.0",
			"parentDt": "9-4-2017",
			"profDt": "9-4-2017",
			"parentVer": "R.5.0.0904"
		},
		"type": "OHB-Device",
		"deviceId": "ccf4f361-e71c-41d6-868d-6dcf3b736823",
		"rooms": ["Kitchen"]
	},
	{
		"commands": ["on", "off"],
		"states": {
			"status": "off",
			"switch": "off"
		},
		"label": "Main Kitchen Lights",
		"capabilities": ["Bridge", "Light", "Switch"],
		"debug": {
			"dt": "Tue Sep 05 00:20:58 EDT 2017",
			"profVer": "5.0.0",
			"parentDt": "9-4-2017",
			"profDt": "9-4-2017",
			"parentVer": "R.5.0.0904"
		},
		"type": "OHB-Generic Z-Wave Switch",
		"deviceId": "8d008e9e-9eda-4088-8d83-5eea53c76f39",
		"rooms": ["Kitchen"]
	},
	{
		"commands": [],
		"states": {
			"water": "dry",
			"battery": 44,
			"temperature": 74
		},
		"label": "Kitchen Water Sensor",
		"capabilities": ["Battery", "Temperature Measurement", "Water Sensor"],
		"debug": {
			"dt": "Tue Sep 05 00:20:58 EDT 2017",
			"profVer": "5.0.0",
			"parentDt": "9-4-2017",
			"profDt": "9-4-2017",
			"parentVer": "R.5.0.0904"
		},
		"type": "Iris Smart Water Sensor",
		"deviceId": "23069f13-38cd-42b5-84d4-2f3d6aca6d5e",
		"rooms": ["Kitchen"]
	},
	{
		"commands": [],
		"states": {
			"battery": 78,
			"contact": "closed",
			"temperature": 75
		},
		"label": "Pantry Door",
		"capabilities": ["Battery", "Contact Sensor", "Temperature Measurement"],
		"debug": {
			"dt": "Tue Sep 05 00:20:58 EDT 2017",
			"profVer": "5.0.0",
			"parentDt": "9-4-2017",
			"profDt": "9-4-2017",
			"parentVer": "R.5.0.0904"
		},
		"type": "Iris Contact Sensor",
		"deviceId": "7fe991cd-ba3f-4ba3-90f4-c26bc1bf1581",
		"rooms": ["Kitchen"]
	},
	{
		"commands": ["on", "off"],
		"states": {
			"switch": "off"
		},
		"label": "Pantry Light",
		"capabilities": ["Light", "Switch"],
		"debug": {
			"dt": "Tue Sep 05 00:20:58 EDT 2017",
			"profVer": "5.0.0",
			"parentDt": "9-4-2017",
			"profDt": "9-4-2017",
			"parentVer": "R.5.0.0904"
		},
		"type": "GE Wall Switch",
		"deviceId": "4c56d548-57df-47ba-b863-f6c01cc5ae95",
		"rooms": ["Kitchen"]
	}
]
