{
  "verInfo": {
    "app": "5.0.0",
    "profile": "5.0.0",
    "storage": "5.0.0"
  },
  "curStMode": "Home",
  "availStModes": [
    {
      "name": "Away",
      "id": "1f8041c4-0f09-486b-9b34-2b84b19863cf"
    },
    {
      "name": "Night",
      "id": "00981daf-bfcb-4c19-8af3-bc417b634327"
    },
    {
      "name": "Home",
      "id": "7279249e-d1f8-42d2-9818-6b663b3d53cd"
    }
  ],
  "timezone": "America/New_York",
  "latitude": 27.85645053,
  "name": "Home",
  "stToken": "d85476d8-cd79-4a0f-9030-1f7dc32a5a8a",
  "id": "3e783344-ce2f-45b5-bbf8-5be99f345506",
  "zip_code": "33608",
  "longitude": -82.52780821,
  "temp_scale": "F"
}