[
	{
		"deviceType": "Lock",
		"deviceNames": ["door locks", "door lock", "locks", "lock"],
		"capabilities": ["Lock"],
		"commands": [
			{
				"action": "lock",
				"words": ["lock", "locked", "locking", "locks"]
			},
			{
				"action": "unlock",
				"words": ["unlock", "unlocked", "unlocking", "unlocks"]
			}
		]
	},
	{
		"deviceType": "Door",
		"deviceNames": ["garage door control", "window shades", "window shade", "garage doors", "door control", "garage door", "windows", "window", "shades", "shade", "garages", "doors", "doors"],
		"capabilities": ["Garage Door Control", "Door Control", "Valve", "Window Shade"],
		"commands": [
			{
				"action": "open",
				"words": ["open", "opens", "opened", "opening"]
			},
			{
				"action": "close",
				"words": ["close", "closes", "closed", "closing"]
			}
		]
	},
	{
		"deviceType": "Switch",
		"deviceNames": ["switch levels", "switch level", "outlets", "outlet", "switches", "switch", "relays", "relay", "lights", "light", "bulbs", "bulb", "fans", "fan"],
		"capabilities": ["Light", "Switch", "Switch Level", "Fan", "Outlet", "Relay"],
		"commands": [
			{
				"action": "on",
				"words": ["on", "start", "starts", "starting", "started", "enable", "enables", "enabling", "enabled", "engage", "engaged", "engages", "engaging", "begin", "begins", "began", "begining"]
			},
			{
				"action": "off",
				"words": ["off", "stop", "stops", "stopped", "stopping", "cancel", "cancels", "canceled", "disable", "disables", "disabled", "disengage", "disengages", "disengaged", "kill", "kills", "killing", "killed", "silence", "quit", "end"]
			}
		]
	}
]
